<emulator id="M1">
	<img src="M1.gif" width="35" height="40"/>
	<name>M1</name>
	<version>v0.6</version>
	<suitability></suitability>
	<status></status>
	<date>01/01/2002</date>
	<games>6</games>
	<author href="http://www.logiqx.com">Logiqx</author>

	<comment><p>Sega Model-1 and Model-2A Sound Player.</p></comment>

	<dats>
		<dat>
			&CMPro;
			<file name="m1_06.zip" size="1"/>
		</dat>

		<dat>
			&ROMCenter;
			<file name="M1%20v0.6.zip" size="2"/>
		</dat>
	</dats>

	<revisions>
		<revision>
			<date>1 January 2002</date>
			<comment>Added Daytona USA (Japan) and Wing War. Updated CRCs for Daytona USA (US).</comment>
		</revision>

		<revision>
			<date>14 October 2001</date>
			<comment>First release.</comment>
		</revision>
	</revisions>
</emulator>
