<emulator id="QPlayer">
	<img src="QPlayer.gif" width="98" height="40"/>
	<name>QPlayer</name>
	<version>v1.4.3</version>
	<suitability></suitability>
	<status></status>
	<date>02/05/2002</date>
	<games>45</games>
	<author href="http://www.logiqx.com">Logiqx</author>

	<comment><p>CPS-1, CPS-2, ZN-1 and ZN-2 sound player</p></comment>

	<dats>
		<dat>
			&CMPro;
			<file name="qplayer143.zip" size="4"/>
		</dat>

		<dat>
			&ROMCenter;
			<file name="QPlayer%20v1.4.3.zip" size="4"/>
		</dat>
	</dats>

	<revisions>
		<revision>
			<date>2 May 2002</date>
			<comment>Updated to match MAME v0.60.</comment>
		</revision>

		<revision>
			<date>9 April 2002</date>
			<comment>Updated psyforce to match Zinc v0.8.</comment>
		</revision>

		<revision>
			<date>25 March 2002</date>
			<comment>Updated to use standard ROM names (MAME v0.59 and Zinc v0.5).</comment>
		</revision>

		<revision>
			<date>10 October 2001</date>
			<comment>Added rckmanj.</comment>
		</revision>

		<revision>
			<date>3 October 2001</date>
			<comment>First release.</comment>
		</revision>
	</revisions>
</emulator>
