<emulator id="SledgeHammer">
	<img src="SledgeHammer.gif" width="185" height="40"/>
	<name>SledgeHammer</name>
	<version>v0.02</version>
	<suitability></suitability>
	<status></status>
	<date>14/03/2002</date>
	<games>6</games>
	<author href="http://www.logiqx.com">Logiqx</author>

	<comment>
		<p>Actually doesn't do anything yet!</p>
	</comment>

	<dats>
		<dat>
			&CMPro;
			<file name="sledgehammer002.zip" size="2"/>
		</dat>

		<dat>
			&ROMCenter;
			<file name="SledgeHammer%20v0.02.zip" size="3"/>
		</dat>
	</dats>

	<revisions>
		<revision>
			<date>14 March 2002</date>
			<comment>Released data files for SledgeHammer v0.02.</comment>
		</revision>
	</revisions>
</emulator>
