<?xml version="1.0"?>

<!DOCTYPE contents_page SYSTEM "dtd/dats.dtd" [
	<!ENTITY ACE SYSTEM "ACE/ACE.ent.xml">
	<!ENTITY Calice SYSTEM "Calice/Calice.ent.xml">
	<!ENTITY CottAGE SYSTEM "CottAGE/CottAGE.ent.xml">
	<!ENTITY Daphne SYSTEM "Daphne/Daphne.ent.xml">
	<!ENTITY Callus95 SYSTEM "Callus95/Callus95.ent.xml">
	<!ENTITY FinalBurn SYSTEM "FinalBurn/FinalBurn.ent.xml">
	<!ENTITY FinalBurnAlpha SYSTEM "FinalBurnAlpha/FinalBurnAlpha.ent.xml">
	<!ENTITY Laser SYSTEM "Laser/Laser.ent.xml">
	<!ENTITY MAMEBeta SYSTEM "MAMEBeta/MAMEBeta.ent.xml">
	<!ENTITY MAMEChanges SYSTEM "MAMEChanges/MAMEChanges.ent.xml">
	<!ENTITY Mimic SYSTEM "Mimic/Mimic.ent.xml">
	<!ENTITY ModelerNew SYSTEM "ModelerNew/ModelerNew.ent.xml">
	<!ENTITY RAINE SYSTEM "RAINE/RAINE.ent.xml">
	<!ENTITY U64Emu SYSTEM "U64Emu/U64Emu.ent.xml">
	<!ENTITY PinMAME SYSTEM "PinMAME/PinMAME.ent.xml">
	<!ENTITY OlderEmus SYSTEM "OlderEmus/OlderEmus.ent.xml">
	<!ENTITY CPS2 SYSTEM "CPS-2/CPS-2.ent.xml">
	<!ENTITY CPS1 SYSTEM "CPS-1/CPS-1.ent.xml">
	<!ENTITY ZN SYSTEM "ZN/ZN.ent.xml">
	<!ENTITY NeoGeo SYSTEM "Neo-Geo/Neo-Geo.ent.xml">
	<!ENTITY QPlayer SYSTEM "QPlayer/QPlayer.ent.xml">
	<!ENTITY NeoJukeBox SYSTEM "NeoJukeBox/NeoJukeBox.ent.xml">
	<!ENTITY NebulaJukebox SYSTEM "NebulaJukebox/NebulaJukebox.ent.xml">
	<!ENTITY VAntAGE SYSTEM "VAntAGE/VAntAGE.ent.xml">
	<!ENTITY Nebula SYSTEM "Nebula/Nebula.ent.xml">
	<!ENTITY MAMEImages SYSTEM "MAMEImages/MAMEImages.ent.xml">
	<!ENTITY MAMEArtwork SYSTEM "MAMEArtwork/MAMEArtwork.ent.xml">
	<!ENTITY MAMECabinets SYSTEM "MAMECabinets/MAMECabinets.ent.xml">
	<!ENTITY MAMEFlyers SYSTEM "MAMEFlyers/MAMEFlyers.ent.xml">
	<!ENTITY MAMEIcons SYSTEM "MAMEIcons/MAMEIcons.ent.xml">
	<!ENTITY MAMEMarquees SYSTEM "MAMEMarquees/MAMEMarquees.ent.xml">
	<!ENTITY MAMESamples SYSTEM "MAMESamples/MAMESamples.ent.xml">
	<!ENTITY MAMESnaps SYSTEM "MAMESnaps/MAMESnaps.ent.xml">
	<!ENTITY M1 SYSTEM "M1/M1.ent.xml">
	<!ENTITY GXP SYSTEM "GXP/GXP.ent.xml">
	<!ENTITY S11Emu SYSTEM "S11Emu/S11Emu.ent.xml">
	<!ENTITY YAAME SYSTEM "YAAME/YAAME.ent.xml">
	<!ENTITY NeoRAGExSupp SYSTEM "NeoRAGExSupp/NeoRAGExSupp.ent.xml">
	<!ENTITY SledgeHammer SYSTEM "SledgeHammer/SledgeHammer.ent.xml">
	<!ENTITY WinKawaks SYSTEM "WinKawaks/WinKawaks.ent.xml">
	<!ENTITY Zinc SYSTEM "Zinc/Zinc.ent.xml">
]>

<contents_page>
	<section>
		<img src="RecentEmus.gif" width="158" height="40"/>
		<type>Emulator</type>
		<comment><p>Emulators that are up to six months old or likely to receive further updates.</p></comment>
		<emulators>
			&ACE;
			&Calice;
			&CottAGE;
			&Daphne;
			&FinalBurn;
			&FinalBurnAlpha;
			&Laser;
			&MAMEBeta;
			&MAMEChanges;
			&Mimic;
			&ModelerNew;
			&Nebula;
			&RAINE;
			&SledgeHammer;
			&U64Emu;
			&WinKawaks;
			&YAAME;
			&Zinc;
		</emulators>
	</section>

	<section>
		<img src="OlderEmus.gif" width="140" height="40"/>
		<type>Emulator</type>
		<comment><p>Emulators that are more than six months old.</p></comment>
		<emulators>
			&OlderEmus;
		</emulators>
	</section>

	<section>
		<img src="SoundEmus.gif" width="151" height="40"/>
		<type>Emulator</type>
		<comment><p>Emulators that can play sound from the games but not the games themselves.</p></comment>
		<emulators>
			&GXP;
			&M1;
			&NebulaJukebox;
			&NeoJukeBox;
			&QPlayer;
		</emulators>
	</section>

	<section>
		<img src="ResourceFiles.gif" width="177" height="40"/>
		<type>Resource</type>
		<comment><p>Dats for emulator resource files.</p><p>These are not created by me so if you have questions about their contents, please contact the author of the dat (e-mail details are in the dats themselves).</p></comment>
		<emulators>
			&MAMEArtwork;
			&MAMECabinets;
			&MAMEFlyers;
			&MAMEIcons;
			&MAMEMarquees;
			&MAMESamples;
			&MAMESnaps;
		</emulators>
	</section>

	<section>
		<img src="Consoles.gif" width="111" height="40"/>
		<type>Consoles</type>
		<comment><p>Sorry but I've stopped doing dats for MESS. I don't use MESS myself and only one person contacted me asking for updates. It is actually very easy to generate your own CMPro/ROMCenter dats for MESS using <a href="../DatUtil/DatUtil.shtml">DatUtil</a>. All you need to do is use the commands 'mess -listinfo &gt;listinfo.txt' then 'datutil -f romcenter2 listinfo.txt'.</p></comment>
	</section>

	<section>
		<img src="Systems.gif" width="104" height="40"/>
		<type>Systems</type>
		<comment><p>The CMPro/RomCenter sites have some dat files for arcade games that aren't yet emulated. Be cautious with dats for unemulated ROMs because it isn't until a game is emulated that a dump is known to be good (or bad). If the dat contains bad dump details you may delete your good dumps! Having said that, the CPS-2 dat is a combined effort between Razoola of <a href="http://cps2shock.retrogames.com">CPS2Shock</a> and myself so the details should be accurate.</p></comment>
		<emulators>
			&CPS1;
			&CPS2;
			&NeoGeo;
			&ZN;
		</emulators>
	</section>
</contents_page>
