<?xml version="1.0"?>

<!DOCTYPE contents_page SYSTEM "dtd/dats.dtd" [
	<!ENTITY ACE SYSTEM "ACE/ACE.ent.xml">
	<!ENTITY Calice SYSTEM "Calice/Calice.ent.xml">
	<!ENTITY CottAGE SYSTEM "CottAGE/CottAGE.ent.xml">
	<!ENTITY Daphne SYSTEM "Daphne/Daphne.ent.xml">
	<!ENTITY Callus95 SYSTEM "Callus95/Callus95.ent.xml">
	<!ENTITY FinalBurn SYSTEM "FinalBurn/FinalBurn.ent.xml">
	<!ENTITY FinalBurnAlpha SYSTEM "FinalBurnAlpha/FinalBurnAlpha.ent.xml">
	<!ENTITY Laser SYSTEM "Laser/Laser.ent.xml">
	<!ENTITY MAMEBeta SYSTEM "MAMEBeta/MAMEBeta.ent.xml">
	<!ENTITY MAMEChanges SYSTEM "MAMEChanges/MAMEChanges.ent.xml">
	<!ENTITY Mimic SYSTEM "Mimic/Mimic.ent.xml">
	<!ENTITY ModelerNew SYSTEM "ModelerNew/ModelerNew.ent.xml">
	<!ENTITY RAINE SYSTEM "RAINE/RAINE.ent.xml">
	<!ENTITY U64Emu SYSTEM "U64Emu/U64Emu.ent.xml">
	<!ENTITY PinMAME SYSTEM "PinMAME/PinMAME.ent.xml">
	<!ENTITY OlderEmus SYSTEM "OlderEmus/OlderEmus.ent.xml">
	<!ENTITY CPS2 SYSTEM "CPS-2/CPS-2.ent.xml">
	<!ENTITY CPS1 SYSTEM "CPS-1/CPS-1.ent.xml">
	<!ENTITY ZN SYSTEM "ZN/ZN.ent.xml">
	<!ENTITY NeoGeo SYSTEM "Neo-Geo/Neo-Geo.ent.xml">
	<!ENTITY QPlayer SYSTEM "QPlayer/QPlayer.ent.xml">
	<!ENTITY NeoJukeBox SYSTEM "NeoJukeBox/NeoJukeBox.ent.xml">
	<!ENTITY NebulaJukebox SYSTEM "NebulaJukebox/NebulaJukebox.ent.xml">
	<!ENTITY VAntAGE SYSTEM "VAntAGE/VAntAGE.ent.xml">
	<!ENTITY Nebula SYSTEM "Nebula/Nebula.ent.xml">
	<!ENTITY MAMEImages SYSTEM "MAMEImages/MAMEImages.ent.xml">
	<!ENTITY MAMEArtwork SYSTEM "MAMEArtwork/MAMEArtwork.ent.xml">
	<!ENTITY MAMECabinets SYSTEM "MAMECabinets/MAMECabinets.ent.xml">
	<!ENTITY MAMEFlyers SYSTEM "MAMEFlyers/MAMEFlyers.ent.xml">
	<!ENTITY MAMEIcons SYSTEM "MAMEIcons/MAMEIcons.ent.xml">
	<!ENTITY MAMEMarquees SYSTEM "MAMEMarquees/MAMEMarquees.ent.xml">
	<!ENTITY MAMESamples SYSTEM "MAMESamples/MAMESamples.ent.xml">
	<!ENTITY MAMESnaps SYSTEM "MAMESnaps/MAMESnaps.ent.xml">
	<!ENTITY M1 SYSTEM "M1/M1.ent.xml">
	<!ENTITY GXP SYSTEM "GXP/GXP.ent.xml">
	<!ENTITY S11Emu SYSTEM "S11Emu/S11Emu.ent.xml">
	<!ENTITY YAAME SYSTEM "YAAME/YAAME.ent.xml">
	<!ENTITY NeoRAGExSupp SYSTEM "NeoRAGExSupp/NeoRAGExSupp.ent.xml">
	<!ENTITY SledgeHammer SYSTEM "SledgeHammer/SledgeHammer.ent.xml">
	<!ENTITY WinKawaks SYSTEM "WinKawaks/WinKawaks.ent.xml">
	<!ENTITY Zinc SYSTEM "Zinc/Zinc.ent.xml">
	<!ENTITY MPU SYSTEM "MPU/MPU.ent.xml">
	<!ENTITY VisualPinball SYSTEM "VisualPinball/VisualPinball.ent.xml">
]>

<contents_page>
	<section>
		<img src="RecentEmus.gif" width="158" height="40"/>
		<type>Emulator</type>
		<comment><p>Emulators that are up to six months old or likely to receive further updates.</p></comment>
		<emulators>
&ACE;
&Calice;
&CottAGE;
&Daphne;
&FinalBurn;
&FinalBurnAlpha;
&Laser;
&MAMEBeta;
&MAMEChanges;
&Mimic;
&ModelerNew;
&Nebula;
&RAINE;
&U64Emu;
&YAAME;
&Zinc;
		</emulators>
	</section>

	<section>
		<img src="OlderEmus.gif" width="140" height="40"/>
		<type>Emulator</type>
		<comment><p>Emulators that are more than six months old</p></comment>
		<emulators>
&OlderEmus;
		</emulators>
	</section>

	<section>
		<img src="OlderEmus.gif" width="140" height="40"/>
		<type>Emulator</type>
		<comment><p>Supplementary Dats - These have not been tested by me so I can't guarantee their correctness</p></comment>
		<emulators>
&NeoRAGExSupp;
		</emulators>
	</section>

	<section>
		<img src="Systems.gif" width="104" height="40"/>
		<type>System</type>
		<comment><p>General Systems</p></comment>
		<emulators>
&CPS1;
&CPS2;
&NeoGeo;
&ZN;
		</emulators>
	</section>

	<section>
		<img src="Systems.gif" width="104" height="40"/>
		<type>System</type>
		<comment><p>Slightly Arcade Related (Fruit Machines/Pinball)</p></comment>
		<emulators>
&MPU;
&PinMAME;
&VisualPinball;
		</emulators>
	</section>

	<section>
		<img src="SoundEmus.gif" width="151" height="40"/>
		<type>Emulator</type>
		<comment><p>Sound Emulators</p></comment>
		<emulators>
&GXP;
&M1;
&NebulaJukebox;
&NeoJukeBox;
&QPlayer;
		</emulators>
	</section>

	<section>
		<img src="ResourceFiles.gif" width="177" height="40"/>
		<type>Resource</type>
		<comment><p>Resource Files</p></comment>
		<emulators>
&MAMEArtwork;
&MAMECabinets;
&MAMEFlyers;
&MAMEIcons;
&MAMEMarquees;
&MAMESamples;
&MAMESnaps;
		</emulators>
	</section>
</contents_page>
