<emulator id="Calice">
	<img src="Calice.gif" width="76" height="40"/>
	<name>Calice</name>
	<version>v0.5.4</version>
	<suitability></suitability>
	<status></status>
	<date>08/05/2002</date>
	<games>333</games>
	<author href="http://www.logiqx.com">Logiqx</author>

	<comment><p>Calice emulates Capcom CPS-1, CPS-2, Neo-Geo and Sega System 16 games.</p></comment>

	<dats>
		<dat>
			&CMPro;
			<file name="Calice%20v0.5.4%20(cm).zip" size="54"/>
		</dat>

		<dat>
			&ROMCenter;
			<file name="Calice%20v0.5.4%20(rc).zip" size="59"/>
		</dat>
	</dats>

	<revisions>
		<revision>
			<date>8 May 2002</date>
			<comment>Added a proper CRC for S1 in mslug3n.</comment>
		</revision>

		<revision>
			<date>2 April 2002</date>
			<comment>Updated for Calice v0.5.4. Used good kof2000 ROMs, added XORs for spf2t and ssf2a.</comment>
		</revision>

		<revision>
			<date>5 January 2002</date>
			<comment>Updated for Calice v0.5.2.</comment>
		</revision>

		<revision>
			<date>2 January 2002</date>
			<comment>Used redump of wjammers (s1) from MAME v0.57. Added vampa XORs.</comment>
		</revision>

		<revision>
			<date>11 November 2001</date>
			<comment>Used redumps of alpham2, kof99p, sonicwi2 and strhoop from MAME v0.56.</comment>
		</revision>

		<revision>
			<date>10 October 2001</date>
			<comment>Added XORs vsav.</comment>
		</revision>

		<revision>
			<date>12 September 2001</date>
			<comment>Added XORs for dstlk, mshj and smbomber.</comment>
		</revision>

		<revision>
			<date>3 September 2001</date>
			<comment>Updated for Calice v0.4.6.</comment>
		</revision>

		<revision>
			<date>28 August 2001</date>
			<comment>Added 153 games for Calice v0.4.4.</comment>
		</revision>

		<revision>
			<date>7 August 2001</date>
			<comment>Added XOR details for sfa3.</comment>
		</revision>

		<revision>
			<date>4 August 2001</date>
			<comment>Updated for Calice v0.3.8.</comment>
		</revision>

		<revision>
			<date>30 June 2001</date>
			<comment>Updated for Calice v0.3.6.</comment>
		</revision>

		<revision>
			<date>27 June 2001</date>
			<comment>Added XORs for Street Fighter Zero 2 Alpha.</comment>
		</revision>

		<revision>
			<date>20 June 2001</date>
			<comment>Added XORs for Armored Warriors.</comment>
		</revision>

		<revision>
			<date>13 June 2001</date>
			<comment>Added XORs for Street Fighter Zero 2.</comment>
		</revision>

		<revision>
			<date>7 June 2001</date>
			<comment>Minor changes to allow better merging.</comment>
		</revision>

		<revision>
			<date>31 May 2001</date>
			<comment>Minor changes for Calice 0.3.2.</comment>
		</revision>

		<revision>
			<date>29 May 2001</date>
			<comment>Added Street Fighter Zero 3 for Calice 0.3.0, plus a few ROM changes for the new release (sound added).</comment>
		</revision>

		<revision>
			<date>26 May 2001</date>
			<comment>Added XOR details for Super Street Fighter 2 X.</comment>
		</revision>

		<revision>
			<date>20 May 2001</date>
			<comment>Uploaded dats for Calice 0.2.9 (Super Puzzle Fighter X added and Super Street Fighter 2 ROMs renamed).</comment>
		</revision>

		<revision>
			<date>11 May 2001</date>
			<comment>Added new XOR details for D&amp;D: Shadow over Mystara (US).</comment>
		</revision>

		<revision>
			<date>7 May 2001</date>
			<comment>Added new XOR details for D&amp;D: Tower of Doom (Japan).</comment>
		</revision>

		<revision>
			<date>2 May 2001</date>
			<comment>Released dats for Calice v0.2.6 (23 CPS-2 games added).</comment>
		</revision>

		<revision>
			<date>30 April 2001</date>
			<comment>Released dats for Calice v0.2.3 (Super Street Fighter 2 Turbo added).</comment>
		</revision>

		<revision>
			<date>26 April 2001</date>
			<comment>Released dats for Calice v0.2.2 (various games added).</comment>
		</revision>

		<revision>
			<date>20 April 2001</date>
			<comment>Released dats for Calice v0.2.0 (20 games added).</comment>
		</revision>

		<revision>
			<date>4 April 2001</date>
			<comment>Changed the ROMCenter 2 dat slightly (was not being handled as intended).</comment>
		</revision>

		<revision>
			<date>14 March 2001</date>
			<comment>Added games for v0.1.5 and enabled split sets.</comment>
		</revision>

		<revision>
			<date>10 March 2001</date>
			<comment>Added lots of Street Fighter 2 variants for v0.1.4.</comment>
		</revision>

		<revision>
			<date>6 March 2001</date>
			<comment>Added megaman, rockmanj and wof for v0.1.2.</comment>
		</revision>

		<revision>
			<date>12 February 2001</date>
			<comment>Added 6 games for v0.1.0.</comment>
		</revision>

		<revision>
			<date>8 February 2001</date>
			<comment>Added 4 games for v0.0.8. Sound ROMs added too.</comment>
		</revision>

		<revision>
			<date>5 February 2001</date>
			<comment>Added 9 games for v0.0.7.</comment>
		</revision>

		<revision>
			<date>1 February 2001</date>
			<comment>Added 11 games for v0.0.6.</comment>
		</revision>

		<revision>
			<date>26 January 2001</date>
			<comment>Initial Release for Calice v0.0.3a.</comment>
		</revision>
	</revisions>
</emulator>
