<emulator id="NeoJukeBox">
	<img src="NeoJukeBox.gif" width="150" height="40"/>
	<name>NeoJukeBox</name>
	<version>v2.7</version>
	<suitability></suitability>
	<status></status>
	<date>02/05/2002</date>
	<games>185</games>
	<author href="http://www.logiqx.com">Logiqx</author>

	<comment><p>Neo-Geo, CPS-1, CPS-2, ZN-1 and ZN-2 sound player</p></comment>

	<dats>
		<dat>
			&CMPro;
			<file name="neojukebox27.zip" size="12"/>
		</dat>

		<dat>
			&ROMCenter;
			<file name="NeoJukeBox%20v2.7.zip" size="13"/>
		</dat>
	</dats>

	<revisions>
		<revision>
			<date>2 May 2002</date>
			<comment>Updated to match MAME v0.60.</comment>
		</revision>

		<revision>
			<date>14 April 2002</date>
			<comment>Added Bang Bead and KOF2001.</comment>
		</revision>

		<revision>
			<date>9 April 2002</date>
			<comment>Updated psyforce to match Zinc v0.8.</comment>
		</revision>

		<revision>
			<date>25 March 2002</date>
			<comment>Updated to match MAME v0.59 and Zinc v0.5.</comment>
		</revision>

		<revision>
			<date>6 February 2002</date>
			<comment>Updated kof2000 to match MAME v0.58.</comment>
		</revision>

		<revision>
			<date>2 January 2002</date>
			<comment>Updated kof2000 and mslug3.</comment>
		</revision>

		<revision>
			<date>9 December 2001</date>
			<comment>Changed v2 in mslug3.</comment>
		</revision>

		<revision>
			<date>25 November 2001</date>
			<comment>Added zupapa. Fixed V3 of KOF2000.</comment>
		</revision>

		<revision>
			<date>11 October 2001</date>
			<comment>Added s1945p. Changed alpham2, ganryu, kof99, kof2000 and sengoku3 to use standard ROM names.</comment>
		</revision>

		<revision>
			<date>10 October 2001</date>
			<comment>Added garou, nitd and sengoku3.</comment>
		</revision>

		<revision>
			<date>10 October 2001</date>
			<comment>Added rckmanj.</comment>
		</revision>

		<revision>
			<date>3 October 2001</date>
			<comment>First release.</comment>
		</revision>
	</revisions>
</emulator>
