<emulator id="MAMEBeta">
	<img src="MAME.gif" width="80" height="40"/>
	<name>MAME</name>
	<version>v0.61</version>
	<suitability></suitability>
	<status>Updated</status>
	<date>12/09/2002</date>
	<games>3469</games>
	<author href="http://www.logiqx.com">Logiqx</author>

	<comment>
		<p>Both dats were generated using DatUtil.</p>
		<p>Previous dats are still online, there's just no link. You can find them in the same directory as the current dats!</p>
	</comment>

	<dats>
		<dat>
			&CMPro;
			<file name="mame61.zip" size="580"/>
		</dat>

		<dat>
			&ROMCenter;
			<file name="mame%2061.zip" size="625"/>
		</dat>
	</dats>

	<revisions>
		<revision>
			<date>12 September 2002</date>
			<comment>Uploaded dats for MAME v0.61.</comment>
		</revision>

		<revision>
			<date>2 May 2002</date>
			<comment>Uploaded dats for MAME v0.60.</comment>
		</revision>

		<revision>
			<date>23 March 2002</date>
			<comment>Uploaded dats for MAME v0.59.</comment>
		</revision>

		<revision>
			<date>6 February 2002</date>
			<comment>Uploaded dats for MAME v0.58.</comment>
		</revision>

		<revision>
			<date>1 January 2002</date>
			<comment>Uploaded dats for MAME v0.57.</comment>
		</revision>

		<revision>
			<date>11 November 2001</date>
			<comment>Uploaded dats for MAME v0.56.</comment>
		</revision>

		<revision>
			<date>16 September 2001</date>
			<comment>Uploaded dats for MAME v0.55.</comment>
		</revision>

		<revision>
			<date>25 August 2001</date>
			<comment>Uploaded dats for MAME v0.54.</comment>
		</revision>

		<revision>
			<date>12 August 2001</date>
			<comment>Uploaded dats for MAME v0.53.</comment>
		</revision>

		<revision>
			<date>2 July 2001</date>
			<comment>Uploaded dats for MAME v0.37 beta 16.</comment>
		</revision>

		<revision>
			<date>24 May 2001</date>
			<comment>Uploaded dats for MAME v0.37 beta 15.</comment>
		</revision>

		<revision>
			<date>8 April 2001</date>
			<comment>Uploaded dats for MAME v0.37 beta 14.</comment>
		</revision>

		<revision>
			<date>29 March 2001</date>
			<comment>Uploaded modified dat for ROMCenter (workaround for NeoGeo/Deco problems).</comment>
		</revision>

		<revision>
			<date>10 March 2001</date>
			<comment>Uploaded dats for MAME v0.37 beta 13.</comment>
		</revision>

		<revision>
			<date>21 February 2001</date>
			<comment>Updated v0.37 beta 12 dats using the new merging improvements of DatUtil v1.6.<br/>Only ROMCenter users who use split-merging need this new dat.</comment>
		</revision>

		<revision>
			<date>18 February 2001</date>
			<comment>Updated v0.37 beta 12 dats for fixed MAME binary (only msh.02 changed).</comment>
		</revision>

		<revision>
			<date>15 February 2001</date>
			<comment>Added v0.37 beta 12 dats for CMPro and RomCenter.</comment>
		</revision>

		<revision>
			<date>16 January 2001</date>
			<comment>Added v0.37 beta 11 dats for CMPro and RomCenter.</comment>
		</revision>

		<revision>
			<date>6 December 2000</date>
			<comment>Added v0.37 beta 10 dats for CMPro and RomCenter.</comment>
		</revision>

		<revision>
			<date>7 November 2000</date>
			<comment>Added v0.37 beta 9 dats for CMPro and RomCenter.</comment>
		</revision>

		<revision>
			<date>3 October 2000</date>
			<comment>Added v0.37 beta 8 dats for CMPro and RomCenter.</comment>
		</revision>

		<revision>
			<date>5 September 2000</date>
			<comment>Added v0.37 beta 7 dats for CMPro and RomCenter.</comment>
		</revision>

		<revision>
			<date>21 August 2000</date>
			<comment>Added v0.37 beta 6 dats for CMPro and RomCenter.</comment>
		</revision>

		<revision>
			<date>28 July 2000</date>
			<comment>Added v0.37 beta 5 dats for CMPro and RomCenter.</comment>
		</revision>

		<revision>
			<date>16 June 2000</date>
			<comment>Added v0.37 beta 4 dats for CMPro and RomCenter.</comment>
		</revision>

		<revision>
			<date>27 May 2000</date>
			<comment>Added v0.37 beta 3 dats for CMPro and RomCenter.</comment>
		</revision>

		<revision>
			<date>23 May 2000</date>
			<comment>Added v0.37 beta 2 dats for CMPro and RomCenter.</comment>
		</revision>
	</revisions>
</emulator>
