<emulator id="VisualPinball">
	<img src="VisualPinball.gif" width="245" height="40"/>
	<name>PinMAME/Pinball (Tables)</name>
	<version>20010805</version>
	<suitability></suitability>
	<status></status>
	<date>05/08/2001</date>
	<games>?</games>
	<author href="mailto:datadragon@home.com">DataDragon</author>

	<comment></comment>

	<dats>
		<dat>
			&ROMCenter;
			<file name="pinball%2008052001.zip" size="76"/>
		</dat>

		<dat>
			&ROMCenter;
			<file name="pinball%2008052001.zip" size="76"/>
		</dat>
	</dats>

	<revisions>
		<revision>
			<date>5 August 2001</date>
			<comment>First release by DataDragon.</comment>
		</revision>

		<revision>
			<date>24 April 2001</date>
			<comment>First release by Wilman (v0.12).</comment>
		</revision>
	</revisions>
</emulator>
