<emulator id="Neo-Geo">
	<img src="Neo-Geo.gif" width="108" height="40"/>
	<name>Neo-Geo</name>
	<version>20020501</version>
	<suitability></suitability>
	<status></status>
	<date>02/05/2002</date>
	<games>154</games>
	<author href="http://www.logiqx.com">Logiqx</author>

	<comment><p>SNK Neo-Geo</p></comment>

	<dats>
		<dat>
			&CMPro;
			<file name="neogeo20020501.zip" size="36"/>
		</dat>

		<dat>
			&ROMCenter;
			<file name="Neo-Geo%2020020501.zip" size="41"/>
		</dat>
	</dats>

	<revisions>
		<revision>
			<date>2 May 2002</date>
			<comment>Updated for MAME v0.60.</comment>
		</revision>

		<revision>
			<date>14 April 2002</date>
			<comment>Added Bang Bead and KOF2001. Included MAME Supplements too.</comment>
		</revision>

		<revision>
			<date>6 February 2002</date>
			<comment>Updated for MAME v0.59.</comment>
		</revision>

		<revision>
			<date>6 February 2002</date>
			<comment>Updated for MAME v0.58.</comment>
		</revision>

		<revision>
			<date>2 January 2002</date>
			<comment>Updated for MAME v0.57.</comment>
		</revision>

		<revision>
			<date>20 December 2001</date>
			<comment>Added SMA details to mslug3.</comment>
		</revision>

		<revision>
			<date>9 December 2001</date>
			<comment>Changed v2 in mslug3 and clones.</comment>
		</revision>

		<revision>
			<date>27 November 2001</date>
			<comment>Changes relating to Metal Slug 3.</comment>
		</revision>

		<revision>
			<date>24 November 2001</date>
			<comment>Removed kof2000d (now the encryption is known) and changed the V3 ROM in kof2000.</comment>
		</revision>

		<revision>
			<date>18 November 2001</date>
			<comment>Removed the S1 ROM from kof2000d as it will not be needed now.</comment>
		</revision>

		<revision>
			<date>11 November 2001</date>
			<comment>Added ng-lo.rom to all games, changed various games according to MAME v0.56, added some new games too.</comment>
		</revision>

		<revision>
			<date>29 October 2001</date>
			<comment>Added garou, nitd, s1945 and sengoku3. Also added graphics ROMs for preisle2.</comment>
		</revision>

		<revision>
			<date>28 October 2001</date>
			<comment>Added remaining mslug3 ROMs. Change kof99d details (removed decrypted p2).</comment>
		</revision>

		<revision>
			<date>15 October 2001</date>
			<comment>Added kof99d (Mr.Lee CRCs) and good V-Liner program ROM.</comment>
		</revision>

		<revision>
			<date>3 October 2001</date>
			<comment>First release.</comment>
		</revision>
	</revisions>
</emulator>
