<emulator id="SNAME">
	<img src="SNAME.gif" width="96" height="40"/>
	<name>SNAME</name>
	<version>v0.2</version>
	<suitability></suitability>
	<status></status>
	<date>15/07/2001</date>
	<games>7</games>
	<author href="http://www.logiqx.com">Logiqx</author>

	<dats>
		<dat>
			&CMPro;
			<file name="sname02.zip" size="2"/>
		</dat>

		<dat>
			&ROMCenter;
			<file name="SNAME%20v0.2.zip" size="2"/>
		</dat>
	</dats>

	<revisions>
		<revision>
			<date>15 July 2001</date>
			<comment>Released dats for SNAME v0.2.</comment>
		</revision>

		<revision>
			<date>2 August 2000</date>
			<comment>Logiqx added merge information and produced RomCenter version.</comment>
		</revision>

		<revision>
			<date>1 August 2000</date>
			<comment>RetroLover released CMPro dat.</comment>
		</revision>
	</revisions>
</emulator>
