<clrmamepro>
	<datfile>
		<name>Crystal System Emulator</name>
		<description>Crystal System Emulator v1.1</description>
		<version>20041231</version>
		<author>Logiqx, http://www.logiqx.com/</author>
		<comment></comment>
		<url>www.logiqx.com/Dats/CrystalSystemEmulator/Crystal System Emulator v1.1 (cm).zip</url>
		<file>Crystal System Emulator v1.1.dat</file>
	</datfile>
	<datfile>
		<name>Daphne</name>
		<description>Daphne v0.99.7</description>
		<version>20051002</version>
		<author>Logiqx, http://www.logiqx.com/</author>
		<comment></comment>
		<url>www.logiqx.com/Dats/Daphne/Daphne v0.99.7 (cm).zip</url>
		<file>Daphne v0.99.7.dat</file>
	</datfile>
	<datfile>
		<name>FBA (MAME Supplement)</name>
		<description>FBA v0.2.95.23 (Fully-merged MAME Supplement)</description>
		<version>20060103</version>
		<author>Logiqx, http://www.logiqx.com/</author>
		<comment></comment>
		<url>www.logiqx.com/Dats/FinalBurnAlpha/FBA v0.2.95.23 (cm).zip</url>
		<file>FBA v0.2.95.23 (Fully-merged MAME Supplement).dat</file>
	</datfile>
	<datfile>
		<name>FBA (MAME Supplement)</name>
		<description>FBA v0.2.95.23 (Non-merged MAME Supplement)</description>
		<version>20060103</version>
		<author>Logiqx, http://www.logiqx.com/</author>
		<comment></comment>
		<url>www.logiqx.com/Dats/FinalBurnAlpha/FBA v0.2.95.23 (cm).zip</url>
		<file>FBA v0.2.95.23 (Non-merged MAME Supplement).dat</file>
	</datfile>
	<datfile>
		<name>FBA (MAME Supplement)</name>
		<description>FBA v0.2.95.23 (Split-merged MAME Supplement)</description>
		<version>20060103</version>
		<author>Logiqx, http://www.logiqx.com/</author>
		<comment></comment>
		<url>www.logiqx.com/Dats/FinalBurnAlpha/FBA v0.2.95.23 (cm).zip</url>
		<file>FBA v0.2.95.23 (Split-merged MAME Supplement).dat</file>
	</datfile>
	<datfile>
		<name>FBA</name>
		<description>FBA v0.2.95.23</description>
		<version>20050127</version>
		<author>Logiqx, http://www.logiqx.com/</author>
		<comment></comment>
		<url>www.logiqx.com/Dats/FinalBurnAlpha/FBA v0.2.95.23 (cm).zip</url>
		<file>FBA v0.2.95.23.dat</file>
	</datfile>
	<datfile>
		<name>M1 (MAME Supplement)</name>
		<description>M1 v0.7.7 (Fully-merged MAME Supplement)</description>
		<version>20060103</version>
		<author>Logiqx, http://www.logiqx.com/</author>
		<comment></comment>
		<url>www.logiqx.com/Dats/M1/M1 v0.7.7 (cm).zip</url>
		<file>M1 v0.7.7 (Fully-merged MAME Supplement).dat</file>
	</datfile>
	<datfile>
		<name>M1 (MAME Supplement)</name>
		<description>M1 v0.7.7 (Non-merged MAME Supplement)</description>
		<version>20060103</version>
		<author>Logiqx, http://www.logiqx.com/</author>
		<comment></comment>
		<url>www.logiqx.com/Dats/M1/M1 v0.7.7 (cm).zip</url>
		<file>M1 v0.7.7 (Non-merged MAME Supplement).dat</file>
	</datfile>
	<datfile>
		<name>M1 (MAME Supplement)</name>
		<description>M1 v0.7.7 (Split-merged MAME Supplement)</description>
		<version>20060103</version>
		<author>Logiqx, http://www.logiqx.com/</author>
		<comment></comment>
		<url>www.logiqx.com/Dats/M1/M1 v0.7.7 (cm).zip</url>
		<file>M1 v0.7.7 (Split-merged MAME Supplement).dat</file>
	</datfile>
	<datfile>
		<name>M1</name>
		<description>M1 v0.7.7</description>
		<version>20040903</version>
		<author>Logiqx, http://www.logiqx.com/</author>
		<comment></comment>
		<url>www.logiqx.com/Dats/M1/M1 v0.7.7 (cm).zip</url>
		<file>M1 v0.7.7.dat</file>
	</datfile>
	<datfile>
		<name>MAME Disk Supplement</name>
		<description>MAME v0.103 (Fully-merged Disk Supplement)</description>
		<version>20060104</version>
		<author>Logiqx, http://www.logiqx.com/</author>
		<comment></comment>
		<url>www.logiqx.com/Dats/MAMEBeta/MAME v0.103 (cm).zip</url>
		<file>MAME v0.103 (Fully-merged Disk Supplement).dat</file>
	</datfile>
	<datfile>
		<name>MAME Supplement</name>
		<description>MAME v0.103 (Fully-merged ROM Supplement)</description>
		<version>20060104</version>
		<author>Logiqx, http://www.logiqx.com/</author>
		<comment></comment>
		<url>www.logiqx.com/Dats/MAMEBeta/MAME v0.103 (cm).zip</url>
		<file>MAME v0.103 (Fully-merged ROM Supplement).dat</file>
	</datfile>
	<datfile>
		<name>MAME Disk Supplement</name>
		<description>MAME v0.103 (Non-merged Disk Supplement)</description>
		<version>20060104</version>
		<author>Logiqx, http://www.logiqx.com/</author>
		<comment></comment>
		<url>www.logiqx.com/Dats/MAMEBeta/MAME v0.103 (cm).zip</url>
		<file>MAME v0.103 (Non-merged Disk Supplement).dat</file>
	</datfile>
	<datfile>
		<name>MAME Supplement</name>
		<description>MAME v0.103 (Non-merged ROM Supplement)</description>
		<version>20060104</version>
		<author>Logiqx, http://www.logiqx.com/</author>
		<comment></comment>
		<url>www.logiqx.com/Dats/MAMEBeta/MAME v0.103 (cm).zip</url>
		<file>MAME v0.103 (Non-merged ROM Supplement).dat</file>
	</datfile>
	<datfile>
		<name>MAME Disk Supplement</name>
		<description>MAME v0.103 (Split-merged Disk Supplement)</description>
		<version>20060104</version>
		<author>Logiqx, http://www.logiqx.com/</author>
		<comment></comment>
		<url>www.logiqx.com/Dats/MAMEBeta/MAME v0.103 (cm).zip</url>
		<file>MAME v0.103 (Split-merged Disk Supplement).dat</file>
	</datfile>
	<datfile>
		<name>MAME Supplement</name>
		<description>MAME v0.103 (Split-merged ROM Supplement)</description>
		<version>20060104</version>
		<author>Logiqx, http://www.logiqx.com/</author>
		<comment></comment>
		<url>www.logiqx.com/Dats/MAMEBeta/MAME v0.103 (cm).zip</url>
		<file>MAME v0.103 (Split-merged ROM Supplement).dat</file>
	</datfile>
	<datfile>
		<name>MAME</name>
		<description>MAME v0.103</description>
		<version>20060103</version>
		<author>Logiqx, http://www.logiqx.com/</author>
		<comment></comment>
		<url>www.logiqx.com/Dats/MAMEBeta/MAME v0.103 (cm).zip</url>
		<file>MAME v0.103.dat</file>
	</datfile>
	<datfile>
		<name>MAME Disk Changes</name>
		<description>MAME v0.103 (Fully-merged Disk Changes)</description>
		<version>20060104</version>
		<author>Logiqx, http://www.logiqx.com/</author>
		<comment></comment>
		<url>www.logiqx.com/Dats/MAMEChanges/MAME Changes v0.103 (cm).zip</url>
		<file>MAME v0.103 (Fully-merged Disk Changes).dat</file>
	</datfile>
	<datfile>
		<name>MAME Changes</name>
		<description>MAME v0.103 (Fully-merged ROM Changes)</description>
		<version>20060104</version>
		<author>Logiqx, http://www.logiqx.com/</author>
		<comment></comment>
		<url>www.logiqx.com/Dats/MAMEChanges/MAME Changes v0.103 (cm).zip</url>
		<file>MAME v0.103 (Fully-merged ROM Changes).dat</file>
	</datfile>
	<datfile>
		<name>MAME Disk Changes</name>
		<description>MAME v0.103 (Non-merged Disk Changes)</description>
		<version>20060104</version>
		<author>Logiqx, http://www.logiqx.com/</author>
		<comment></comment>
		<url>www.logiqx.com/Dats/MAMEChanges/MAME Changes v0.103 (cm).zip</url>
		<file>MAME v0.103 (Non-merged Disk Changes).dat</file>
	</datfile>
	<datfile>
		<name>MAME Changes</name>
		<description>MAME v0.103 (Non-merged ROM Changes)</description>
		<version>20060104</version>
		<author>Logiqx, http://www.logiqx.com/</author>
		<comment></comment>
		<url>www.logiqx.com/Dats/MAMEChanges/MAME Changes v0.103 (cm).zip</url>
		<file>MAME v0.103 (Non-merged ROM Changes).dat</file>
	</datfile>
	<datfile>
		<name>MAME Disk Changes</name>
		<description>MAME v0.103 (Split-merged Disk Changes)</description>
		<version>20060104</version>
		<author>Logiqx, http://www.logiqx.com/</author>
		<comment></comment>
		<url>www.logiqx.com/Dats/MAMEChanges/MAME Changes v0.103 (cm).zip</url>
		<file>MAME v0.103 (Split-merged Disk Changes).dat</file>
	</datfile>
	<datfile>
		<name>MAME Changes</name>
		<description>MAME v0.103 (Split-merged ROM Changes)</description>
		<version>20060104</version>
		<author>Logiqx, http://www.logiqx.com/</author>
		<comment></comment>
		<url>www.logiqx.com/Dats/MAMEChanges/MAME Changes v0.103 (cm).zip</url>
		<file>MAME v0.103 (Split-merged ROM Changes).dat</file>
	</datfile>
	<datfile>
		<name>Nebula (MAME Supplement)</name>
		<description>Nebula v2.25 (Fully-merged MAME Supplement)</description>
		<version>20060103</version>
		<author>Logiqx, http://www.logiqx.com/</author>
		<comment></comment>
		<url>www.logiqx.com/Dats/Nebula/Nebula v2.25 (cm).zip</url>
		<file>Nebula v2.25 (Fully-merged MAME Supplement).dat</file>
	</datfile>
	<datfile>
		<name>Nebula (MAME Supplement)</name>
		<description>Nebula v2.25 (Non-merged MAME Supplement)</description>
		<version>20060103</version>
		<author>Logiqx, http://www.logiqx.com/</author>
		<comment></comment>
		<url>www.logiqx.com/Dats/Nebula/Nebula v2.25 (cm).zip</url>
		<file>Nebula v2.25 (Non-merged MAME Supplement).dat</file>
	</datfile>
	<datfile>
		<name>Nebula (MAME Supplement)</name>
		<description>Nebula v2.25 (Split-merged MAME Supplement)</description>
		<version>20060103</version>
		<author>Logiqx, http://www.logiqx.com/</author>
		<comment></comment>
		<url>www.logiqx.com/Dats/Nebula/Nebula v2.25 (cm).zip</url>
		<file>Nebula v2.25 (Split-merged MAME Supplement).dat</file>
	</datfile>
	<datfile>
		<name>Nebula</name>
		<description>Nebula v2.25</description>
		<version>20050916</version>
		<author>Logiqx, http://www.logiqx.com/</author>
		<comment></comment>
		<url>www.logiqx.com/Dats/Nebula/Nebula v2.25 (cm).zip</url>
		<file>Nebula v2.25.dat</file>
	</datfile>
	<datfile>
		<name>Nebula Jukebox (MAME Supplement)</name>
		<description>Nebula Jukebox v2.9 (Fully-merged MAME Supplement)</description>
		<version>20050213</version>
		<author>Logiqx, http://www.logiqx.com/</author>
		<comment></comment>
		<url>www.logiqx.com/Dats/NebulaJukebox/Nebula Jukebox v2.9 (cm).zip</url>
		<file>Nebula Jukebox v2.9 (Fully-merged MAME Supplement).dat</file>
	</datfile>
	<datfile>
		<name>Nebula Jukebox (MAME Supplement)</name>
		<description>Nebula Jukebox v2.9 (Non-merged MAME Supplement)</description>
		<version>20050213</version>
		<author>Logiqx, http://www.logiqx.com/</author>
		<comment></comment>
		<url>www.logiqx.com/Dats/NebulaJukebox/Nebula Jukebox v2.9 (cm).zip</url>
		<file>Nebula Jukebox v2.9 (Non-merged MAME Supplement).dat</file>
	</datfile>
	<datfile>
		<name>Nebula Jukebox (MAME Supplement)</name>
		<description>Nebula Jukebox v2.9 (Split-merged MAME Supplement)</description>
		<version>20050213</version>
		<author>Logiqx, http://www.logiqx.com/</author>
		<comment></comment>
		<url>www.logiqx.com/Dats/NebulaJukebox/Nebula Jukebox v2.9 (cm).zip</url>
		<file>Nebula Jukebox v2.9 (Split-merged MAME Supplement).dat</file>
	</datfile>
	<datfile>
		<name>Nebula Jukebox</name>
		<description>Nebula Jukebox v2.9</description>
		<version>20040827</version>
		<author>Logiqx, http://www.logiqx.com/</author>
		<comment></comment>
		<url>www.logiqx.com/Dats/NebulaJukebox/Nebula Jukebox v2.9 (cm).zip</url>
		<file>Nebula Jukebox v2.9.dat</file>
	</datfile>
	<datfile>
		<name>Pacifi3D</name>
		<description>Pacifi3D v0.3</description>
		<version>20050413</version>
		<author>Logiqx, http://www.logiqx.com/</author>
		<comment></comment>
		<url>www.logiqx.com/Dats/Pacifi3D/Pacifi3D v0.3 (cm).zip</url>
		<file>Pacifi3D v0.3.dat</file>
	</datfile>
	<datfile>
		<name>RAINE (MAME Supplement)</name>
		<description>RAINE v0.43.2 (Fully-merged MAME Supplement)</description>
		<version>20060103</version>
		<author>Logiqx, http://www.logiqx.com/</author>
		<comment></comment>
		<url>www.logiqx.com/Dats/RAINE/RAINE v0.43.2 (cm).zip</url>
		<file>RAINE v0.43.2 (Fully-merged MAME Supplement).dat</file>
	</datfile>
	<datfile>
		<name>RAINE (MAME Supplement)</name>
		<description>RAINE v0.43.2 (Non-merged MAME Supplement)</description>
		<version>20060103</version>
		<author>Logiqx, http://www.logiqx.com/</author>
		<comment></comment>
		<url>www.logiqx.com/Dats/RAINE/RAINE v0.43.2 (cm).zip</url>
		<file>RAINE v0.43.2 (Non-merged MAME Supplement).dat</file>
	</datfile>
	<datfile>
		<name>RAINE (MAME Supplement)</name>
		<description>RAINE v0.43.2 (Split-merged MAME Supplement)</description>
		<version>20060103</version>
		<author>Logiqx, http://www.logiqx.com/</author>
		<comment></comment>
		<url>www.logiqx.com/Dats/RAINE/RAINE v0.43.2 (cm).zip</url>
		<file>RAINE v0.43.2 (Split-merged MAME Supplement).dat</file>
	</datfile>
	<datfile>
		<name>RAINE</name>
		<description>RAINE v0.43.2</description>
		<version>20050925</version>
		<author>Logiqx, http://www.logiqx.com/</author>
		<comment></comment>
		<url>www.logiqx.com/Dats/RAINE/RAINE v0.43.2 (cm).zip</url>
		<file>RAINE v0.43.2.dat</file>
	</datfile>
	<datfile>
		<name>SEGA Model 2 Emulator (MAME Supplement)</name>
		<description>SEGA Model 2 Emulator v0.1 (Fully-merged MAME Supplement)</description>
		<version>20041025</version>
		<author>Logiqx, http://www.logiqx.com/</author>
		<comment></comment>
		<url>www.logiqx.com/Dats/SEGAModel2Emulator/SEGA Model 2 Emulator v0.1 (cm).zip</url>
		<file>SEGA Model 2 Emulator v0.1 (Fully-merged MAME Supplement).dat</file>
	</datfile>
	<datfile>
		<name>SEGA Model 2 Emulator (MAME Supplement)</name>
		<description>SEGA Model 2 Emulator v0.1 (Non-merged MAME Supplement)</description>
		<version>20041025</version>
		<author>Logiqx, http://www.logiqx.com/</author>
		<comment></comment>
		<url>www.logiqx.com/Dats/SEGAModel2Emulator/SEGA Model 2 Emulator v0.1 (cm).zip</url>
		<file>SEGA Model 2 Emulator v0.1 (Non-merged MAME Supplement).dat</file>
	</datfile>
	<datfile>
		<name>SEGA Model 2 Emulator (MAME Supplement)</name>
		<description>SEGA Model 2 Emulator v0.1 (Split-merged MAME Supplement)</description>
		<version>20041025</version>
		<author>Logiqx, http://www.logiqx.com/</author>
		<comment></comment>
		<url>www.logiqx.com/Dats/SEGAModel2Emulator/SEGA Model 2 Emulator v0.1 (cm).zip</url>
		<file>SEGA Model 2 Emulator v0.1 (Split-merged MAME Supplement).dat</file>
	</datfile>
	<datfile>
		<name>SEGA Model 2 Emulator</name>
		<description>SEGA Model 2 Emulator v0.1</description>
		<version>20040727</version>
		<author>Logiqx, http://www.logiqx.com/</author>
		<comment></comment>
		<url>www.logiqx.com/Dats/SEGAModel2Emulator/SEGA Model 2 Emulator v0.1 (cm).zip</url>
		<file>SEGA Model 2 Emulator v0.1.dat</file>
	</datfile>
	<datfile>
		<name>Tickle</name>
		<description>Tickle Rebound Edition</description>
		<version>20050730</version>
		<author>Logiqx, http://www.logiqx.com/</author>
		<comment></comment>
		<url>www.logiqx.com/Dats/Tickle/Tickle Rebound Edition (cm).zip</url>
		<file>Tickle Rebound Edition.dat</file>
	</datfile>
	<datfile>
		<name>WinKawaks (MAME Supplement)</name>
		<description>WinKawaks v1.55 (Fully-merged MAME Supplement)</description>
		<version>20060103</version>
		<author>Logiqx, http://www.logiqx.com/</author>
		<comment></comment>
		<url>www.logiqx.com/Dats/WinKawaks/WinKawaks v1.55 (cm).zip</url>
		<file>WinKawaks v1.55 (Fully-merged MAME Supplement).dat</file>
	</datfile>
	<datfile>
		<name>WinKawaks (MAME Supplement)</name>
		<description>WinKawaks v1.55 (Non-merged MAME Supplement)</description>
		<version>20060103</version>
		<author>Logiqx, http://www.logiqx.com/</author>
		<comment></comment>
		<url>www.logiqx.com/Dats/WinKawaks/WinKawaks v1.55 (cm).zip</url>
		<file>WinKawaks v1.55 (Non-merged MAME Supplement).dat</file>
	</datfile>
	<datfile>
		<name>WinKawaks (MAME Supplement)</name>
		<description>WinKawaks v1.55 (Split-merged MAME Supplement)</description>
		<version>20060103</version>
		<author>Logiqx, http://www.logiqx.com/</author>
		<comment></comment>
		<url>www.logiqx.com/Dats/WinKawaks/WinKawaks v1.55 (cm).zip</url>
		<file>WinKawaks v1.55 (Split-merged MAME Supplement).dat</file>
	</datfile>
	<datfile>
		<name>WinKawaks</name>
		<description>WinKawaks v1.55</description>
		<version>20051210</version>
		<author>Logiqx, http://www.logiqx.com/</author>
		<comment></comment>
		<url>www.logiqx.com/Dats/WinKawaks/WinKawaks v1.55 (cm).zip</url>
		<file>WinKawaks v1.55.dat</file>
	</datfile>
	<datfile>
		<name>ZiNc</name>
		<description>ZiNc v1.1</description>
		<version>20050731</version>
		<author>Logiqx, http://www.logiqx.com/</author>
		<comment></comment>
		<url>www.logiqx.com/Dats/Zinc/ZiNc v1.1 (cm).zip</url>
		<file>ZiNc v1.1.dat</file>
	</datfile>
</clrmamepro>
