<?xml version="1.0"?>
<clrmamepro>
	<datfile>
		<name>Daphne</name>
		<description>Daphne v0.99.7</description>
		<version>20051002</version>
		<author>Logiqx</author>
		<comment>Please report any data file issues at http://forum.logiqx.com/</comment>
		<url>www.logiqx.com/Dats/Daphne/Daphne v0.99.7 (cm).zip</url>
		<file>Daphne v0.99.7.dat</file>
	</datfile>
	<datfile>
		<name>FBA</name>
		<description>FBA v0.2.96.79</description>
		<version>20080413</version>
		<author>Logiqx</author>
		<comment>Please report any data file issues at http://forum.logiqx.com/</comment>
		<url>www.logiqx.com/Dats/FinalBurnAlpha/FBA v0.2.96.79 (xml).zip</url>
		<file>FBA v0.2.96.79.dat</file>
	</datfile>
	<datfile>
		<name>M1</name>
		<description>M1 v0.7.8a6 [sound only]</description>
		<version>20080317</version>
		<author>Logiqx</author>
		<comment>Please report any data file issues at http://forum.logiqx.com/</comment>
		<url>www.logiqx.com/Dats/M1/M1 v0.7.8a6 (cm).zip</url>
		<file>M1 v0.7.8a6.dat</file>
	</datfile>
	<datfile>
		<name>MAME</name>
		<description>MAME v0.124a</description>
		<version>20080326</version>
		<author>Logiqx</author>
		<comment>Please report any data file issues at http://forum.logiqx.com/</comment>
		<url>www.logiqx.com/Dats/MAMEBeta/MAME v0.124a (cm).zip</url>
		<file>MAME v0.124a.dat</file>
	</datfile>
	<datfile>
		<name>Mjolnir</name>
		<description>Mjolnir v0.3.1</description>
		<version>20071020</version>
		<author>Logiqx</author>
		<comment>Please report any data file issues at http://forum.logiqx.com/</comment>
		<url>www.logiqx.com/Dats/Mjolnir/Mjolnir v0.3.1 (cm).zip</url>
		<file>Mjolnir v0.3.1.dat</file>
	</datfile>
	<datfile>
		<name>Nebula</name>
		<description>Nebula v2.25</description>
		<version>20080401</version>
		<author>Logiqx</author>
		<comment>Please report any data file issues at http://forum.logiqx.com/</comment>
		<url>www.logiqx.com/Dats/Nebula/Nebula v2.25b (cm).zip</url>
		<file>Nebula v2.25b.dat</file>
	</datfile>
	<datfile>
		<name>RAINE</name>
		<description>RAINE v0.50.8</description>
		<version>20080309</version>
		<author>Logiqx</author>
		<comment>Please report any data file issues at http://forum.logiqx.com/</comment>
		<url>www.logiqx.com/Dats/RAINE/RAINE v0.50.8 (cm).zip</url>
		<file>RAINE v0.50.8.dat</file>
	</datfile>
	<datfile>
		<name>SEGA Model 2 Emulator</name>
		<description>SEGA Model 2 Emulator v0.6</description>
		<version>20080103</version>
		<author>Logiqx</author>
		<comment>Please report any data file issues at http://forum.logiqx.com/</comment>
		<url>www.logiqx.com/Dats/SEGAModel2Emulator/SEGA Model 2 Emulator v0.6 (cm).zip</url>
		<file>SEGA Model 2 Emulator v0.6.dat</file>
	</datfile>
	<datfile>
		<name>WinKawaks</name>
		<description>WinKawaks v1.59</description>
		<version>20080101</version>
		<author>Logiqx</author>
		<comment>Please report any data file issues at http://forum.logiqx.com/</comment>
		<url>www.logiqx.com/Dats/WinKawaks/WinKawaks v1.59 (cm).zip</url>
		<file>WinKawaks v1.59.dat</file>
	</datfile>
	<datfile>
		<name>ZiNc</name>
		<description>ZiNc v1.1</description>
		<version>20050731</version>
		<author>Logiqx</author>
		<comment>Please report any data file issues at http://forum.logiqx.com/</comment>
		<url>www.logiqx.com/Dats/Zinc/ZiNc v1.1 (cm).zip</url>
		<file>ZiNc v1.1.dat</file>
	</datfile>
</clrmamepro>
