<?xml version="1.0"?>
<clrmamepro>
	<datfile>
		<name>Daphne</name>
		<description>Daphne v0.99.7</description>
		<version>20051002</version>
		<author>Logiqx, http://www.logiqx.com/</author>
		<comment></comment>
		<url>www.logiqx.com/Dats/Daphne/Daphne v0.99.7 (cm).zip</url>
		<file>Daphne v0.99.7.dat</file>
	</datfile>
	<datfile>
		<name>FBA</name>
		<description>FBA v0.2.95.23</description>
		<version>20050127</version>
		<author>Logiqx, http://www.logiqx.com/</author>
		<comment></comment>
		<url>www.logiqx.com/Dats/FinalBurnAlpha/FBA v0.2.95.23 (cm).zip</url>
		<file>FBA v0.2.95.23.dat</file>
	</datfile>
	<datfile>
		<name>M1</name>
		<description>M1 v0.7.7</description>
		<version>20040903</version>
		<author>Logiqx, http://www.logiqx.com/</author>
		<comment></comment>
		<url>www.logiqx.com/Dats/M1/M1 v0.7.7 (cm).zip</url>
		<file>M1 v0.7.7.dat</file>
	</datfile>
	<datfile>
		<name>MAME</name>
		<description>MAME v0.111</description>
		<version>20061211</version>
		<author>Logiqx, http://www.logiqx.com/</author>
		<comment></comment>
		<url>www.logiqx.com/Dats/MAMEBeta/MAME v0.111 (cm).zip</url>
		<file>MAME v0.111.dat</file>
	</datfile>
	<datfile>
		<name>Nebula</name>
		<description>Nebula v2.25</description>
		<version>20050916</version>
		<author>Logiqx, http://www.logiqx.com/</author>
		<comment></comment>
		<url>www.logiqx.com/Dats/Nebula/Nebula v2.25 (cm).zip</url>
		<file>Nebula v2.25.dat</file>
	</datfile>
	<datfile>
		<name>Nebula Jukebox</name>
		<description>Nebula Jukebox v2.9</description>
		<version>20040827</version>
		<author>Logiqx, http://www.logiqx.com/</author>
		<comment></comment>
		<url>www.logiqx.com/Dats/NebulaJukebox/Nebula Jukebox v2.9 (cm).zip</url>
		<file>Nebula Jukebox v2.9.dat</file>
	</datfile>
	<datfile>
		<name>RAINE</name>
		<description>RAINE v0.43.4</description>
		<version>20060828</version>
		<author>Logiqx, http://www.logiqx.com/</author>
		<comment></comment>
		<url>www.logiqx.com/Dats/RAINE/RAINE v0.43.4 (cm).zip</url>
		<file>RAINE v0.43.4.dat</file>
	</datfile>
	<datfile>
		<name>SEGA Model 2 Emulator</name>
		<description>SEGA Model 2 Emulator v0.3</description>
		<version>20060828</version>
		<author>Logiqx, http://www.logiqx.com/</author>
		<comment></comment>
		<url>www.logiqx.com/Dats/SEGAModel2Emulator/SEGA Model 2 Emulator v0.3 (cm).zip</url>
		<file>SEGA Model 2 Emulator v0.3.dat</file>
	</datfile>
	<datfile>
		<name>WinKawaks</name>
		<description>WinKawaks v1.57</description>
		<version>20061231</version>
		<author>Logiqx, http://www.logiqx.com/</author>
		<comment></comment>
		<url>www.logiqx.com/Dats/WinKawaks/WinKawaks v1.57 (cm).zip</url>
		<file>WinKawaks v1.57.dat</file>
	</datfile>
	<datfile>
		<name>ZiNc</name>
		<description>ZiNc v1.1</description>
		<version>20050731</version>
		<author>Logiqx, http://www.logiqx.com/</author>
		<comment></comment>
		<url>www.logiqx.com/Dats/Zinc/ZiNc v1.1 (cm).zip</url>
		<file>ZiNc v1.1.dat</file>
	</datfile>
</clrmamepro>
