<?xml version="1.0"?>
<clrmamepro>
	<datfile>
		<name>MAME</name>
		<description>MAME v0.138</description>
		<version>20100518</version>
		<author>Logiqx</author>
		<comment>Please report any data file issues at http://forum.logiqx.com/</comment>
		<url>www.logiqx.com/Dats/MAMEBeta/MAME v0.138 (xml).zip</url>
		<file>MAME v0.138.dat</file>
	</datfile>
	<datfile>
		<name>AAE</name>
		<description>AAE Alpha Build 87</description>
		<version>20081020</version>
		<author>Logiqx and Nologic</author>
		<comment>Please report any data file issues at http://forum.logiqx.com/</comment>
		<url>www.logiqx.com/Dats/AAE/AAE Alpha Build 87 (xml).zip</url>
		<file>AAE Alpha Build 87.dat</file>
	</datfile>
	<datfile>
		<name>Capcom Play System 3 Emulator</name>
		<description>Capcom Play System 3 Emulator v1.0a</description>
		<version>20070710</version>
		<author>neoforma</author>
		<comment>Please report any data file issues at http://forum.logiqx.com/</comment>
		<url>www.logiqx.com/Dats/CPS3Emulator/Capcom Play System 3 Emulator v1.0a (xml).zip</url>
		<file>Capcom Play System 3 Emulator v1.0a.dat</file>
	</datfile>
	<datfile>
		<name>Daphne</name>
		<description>Daphne v0.99.7</description>
		<version>20051002</version>
		<author>Logiqx</author>
		<comment>Please report any data file issues at http://forum.logiqx.com/</comment>
		<url>www.logiqx.com/Dats/Daphne/Daphne v0.99.7 (xml).zip</url>
		<file>Daphne v0.99.7.dat</file>
	</datfile>
	<datfile>
		<name>Demul</name>
		<description>Demul v0.4.3</description>
		<version>20080714</version>
		<author>Logiqx</author>
		<comment>Please report any data file issues at http://forum.logiqx.com/</comment>
		<url>www.logiqx.com/Dats/Demul/Demul v0.4.3 (xml).zip</url>
		<file>Demul v0.4.3.dat</file>
	</datfile>
	<datfile>
		<name>DSP</name>
		<description>DSP v0.9</description>
		<version>20081103</version>
		<author>Logiqx</author>
		<comment>Please report any data file issues at http://forum.logiqx.com/</comment>
		<url>www.logiqx.com/Dats/DSP/DSP v0.9 (xml).zip</url>
		<file>DSP v0.9.dat</file>
	</datfile>
	<datfile>
		<name>FBA</name>
		<description>FBA v0.2.97.08</description>
		<version>20100313</version>
		<author>Logiqx</author>
		<comment>Please report any data file issues at http://forum.logiqx.com/</comment>
		<url>www.logiqx.com/Dats/FinalBurnAlpha/FBA v0.2.97.08 (xml).zip</url>
		<file>FBA v0.2.97.08.dat</file>
	</datfile>
	<datfile>
		<name>WinKawaks</name>
		<description>WinKawaks v1.61</description>
		<version>20100203</version>
		<author>Logiqx</author>
		<comment>Please report any data file issues at http://forum.logiqx.com/</comment>
		<url>www.logiqx.com/Dats/WinKawaks/WinKawaks v1.61 (xml).zip</url>
		<file>WinKawaks v1.61.dat</file>
	</datfile>
	<datfile>
		<name>M1</name>
		<description>M1 v0.7.8a10 [sound only]</description>
		<version>20100311</version>
		<author>Logiqx</author>
		<comment>Please report any data file issues at http://forum.logiqx.com/</comment>
		<url>www.logiqx.com/Dats/M1/M1 v0.7.8a10 (xml).zip</url>
		<file>M1 v0.7.8a10.dat</file>
	</datfile>
	<datfile>
		<name>Mjolnir</name>
		<description>Mjolnir v0.3.1</description>
		<version>20071020</version>
		<author>Logiqx</author>
		<comment>Please report any data file issues at http://forum.logiqx.com/</comment>
		<url>www.logiqx.com/Dats/Mjolnir/Mjolnir v0.3.1 (xml).zip</url>
		<file>Mjolnir v0.3.1.dat</file>
	</datfile>
	<datfile>
		<name>Nebula</name>
		<description>Nebula v2.25</description>
		<version>20080715</version>
		<author>Logiqx</author>
		<comment>Please report any data file issues at http://forum.logiqx.com/</comment>
		<url>www.logiqx.com/Dats/Nebula/Nebula v2.25b (xml).zip</url>
		<file>Nebula v2.25b.dat</file>
	</datfile>
	<datfile>
		<name>OldSpark C++</name>
		<description>OldSpark C++ 20071006</description>
		<version>20071112</version>
		<author>neoforma</author>
		<comment>Please report any data file issues at http://forum.logiqx.com/</comment>
		<url>www.logiqx.com/Dats/OldSpark/OldSpark C++ 20071006 (xml).zip</url>
		<file>OldSpark C++ 20071006.dat</file>
	</datfile>
	<datfile>
		<name>RAINE</name>
		<description>RAINE v0.51.0</description>
		<version>20090203</version>
		<author>Logiqx</author>
		<comment>Please report any data file issues at http://forum.logiqx.com/</comment>
		<url>www.logiqx.com/Dats/RAINE/RAINE v0.51.0 (xml).zip</url>
		<file>RAINE v0.51.0.dat</file>
	</datfile>
	<datfile>
		<name>SEGA Model 2 Emulator</name>
		<description>SEGA Model 2 Emulator v0.9</description>
		<version>20090208</version>
		<author>Logiqx</author>
		<comment>Please report any data file issues at http://forum.logiqx.com/</comment>
		<url>www.logiqx.com/Dats/SEGAModel2Emulator/SEGA Model 2 Emulator v0.9 (xml).zip</url>
		<file>SEGA Model 2 Emulator v0.9.dat</file>
	</datfile>
	<datfile>
		<name>ZiNc</name>
		<description>ZiNc v1.1</description>
		<version>20050731</version>
		<author>Logiqx</author>
		<comment>Please report any data file issues at http://forum.logiqx.com/</comment>
		<url>www.logiqx.com/Dats/Zinc/ZiNc v1.1 (xml).zip</url>
		<file>ZiNc v1.1.dat</file>
	</datfile>
</clrmamepro>
