<emulator id="CPS-1">
	<img src="CPS-1.gif" width="77" height="40"/>
	<name>CPS-1</name>
	<version>20020324</version>
	<suitability></suitability>
	<status></status>
	<date>24/03/2002</date>
	<games>90</games>
	<author href="http://www.logiqx.com">Logiqx</author>

	<comment><p>Capcom Play System 1</p></comment>

	<dats>
		<dat>
			&CMPro;
			<file name="cps120020324.zip" size="16"/>
		</dat>

		<dat>
			&ROMCenter;
			<file name="CPS-1%2020020324.zip" size="19"/>
		</dat>
	</dats>

	<revisions>
		<revision>
			<date>24 March 2002</date>
			<comment>Added Dynasty Wars (World).</comment>
		</revision>

		<revision>
			<date>3 October 2001</date>
			<comment>First release.</comment>
		</revision>
	</revisions>
</emulator>
