<emulator id="OlderEmus">
	<img src="OlderEmus.gif" width="140" height="40"/>
	<name>Older Emus</name>
	<version>(155 different ones!)</version>
	<suitability></suitability>
	<status></status>
	<date>08/05/2002</date>
	<games>100s of</games>
	<author href="http://www.logiqx.com">Logiqx</author>

	<comment><p>Click here to view <a href="ZIPContents.shtml">ZIP Contents</a></p></comment>

	<dats>
		<dat>
			&CMPro;
			<file name="Arcade%20Dats%2020020508%20(cm).zip" size="300"/>
		</dat>

		<dat>
			&ROMCenter;
			<file name="Arcade%20Dats%2020020508%20(rc).zip" size="295"/>
		</dat>
	</dats>

	<revisions>
		<revision>
			<date>8 May 2002</date>
			<comment>Updated VAntAGE to use the new Crush Roller colour PROM of MAME v0.60.<br/>Also updated JAS, JAS-Dig Dug 2 and Retrocade to use the new Dig Dug 2 colour PROM of MAME v0.60.</comment>
		</revision>

		<revision>
			<date>23 March 2002</date>
			<comment>Updated JAS, JAS-Dig Dug 2 and Retrocade to use the new Dig Dug 2 colour PROM of MAME v0.59.</comment>
		</revision>

		<revision>
			<date>23 March 2002</date>
			<comment>Updated VAntAGE and GalEmu to use the new Pisces colour PROM.</comment>
		</revision>

		<revision>
			<date>2 January 2002</date>
			<comment>Slightly modified wjammers in NeoRAGEx.</comment>
		</revision>

		<revision>
			<date>19 December 2001</date>
			<comment>Added The NewZealand Story, Callus (Patched), SNAMEW and tROMbone as they are all over six months old now.</comment>
		</revision>

		<revision>
			<date>18 November 2001</date>
			<comment>Changed Psychic Force sample ROM in the Impact data file (Impact sets contain a bad dump).</comment>
		</revision>

		<revision>
			<date>11 November 2001</date>
			<comment>Modified Retrocade and NeoRAGEx to use new dumps in MAME v0.56.</comment>
		</revision>

		<revision>
			<date>13 October 2001</date>
			<comment>Added Toki. Removed Laser and NeoJukeBox. Modified NeoRAGEx.</comment>
		</revision>

		<revision>
			<date>13 August 2001</date>
			<comment>Added Laser 0.16, VAntAGE 1.11 and made a variety of changes (see included text file).</comment>
		</revision>

		<revision>
			<date>8 June 2001</date>
			<comment>Added Speed Freak CRCs to Cinelator 95 dat.</comment>
		</revision>

		<revision>
			<date>5 May 2001</date>
			<comment>Moved dat for Virtua into the archive.</comment>
		</revision>

		<revision>
			<date>13 April 2001</date>
			<comment>Moved dats for Sega System 16 Emulator, VisualAM and WinGorf into the archive.</comment>
		</revision>

		<revision>
			<date>4 April 2001</date>
			<comment>Changed the Impact dat for RomCenter 2 (wasn't being handled as intended).</comment>
		</revision>

		<revision>
			<date>17 March 2001</date>
			<comment>Updated Xevious Emulator and HiVE dats (see notes within archive).</comment>
		</revision>

		<revision>
			<date>11 March 2001</date>
			<comment>Updated QPlayer, NeoJukeBox, Rockulator++, Replay, RAGE and SonSon dats (see notes within archive).</comment>
		</revision>

		<revision>
			<date>1 March 2001</date>
			<comment>Updated QSound Player, QPlayer, NeoJukeBox and NeoRAGEx dats (see notes within archive).</comment>
		</revision>

		<revision>
			<date>6 February 2001</date>
			<comment>Removed VAntAGE v1.0 and converted all dats to to ROMCenter 2 format.</comment>
		</revision>

		<revision>
			<date>18 January 2001</date>
			<comment>A few minor changes (see readme).</comment>
		</revision>

		<revision>
			<date>20 December 2000</date>
			<comment>Fixed kotm in NeoRAGEx dat (MAME ROMs).</comment>
		</revision>

		<revision>
			<date>18 December 2000</date>
			<comment>Added 14 new dats (see included notes).</comment>
		</revision>

		<revision>
			<date>8 December 2000</date>
			<comment>Initial Release.</comment>
		</revision>
	</revisions>
</emulator>
