<emulator id="Daphne">
	<img src="Daphne.gif" width="94" height="40"/>
	<name>Daphne</name>
	<version>v0.99.4</version>
	<suitability>v0.99.5 pre 2</suitability>
	<status></status>
	<date>20/10/2001</date>
	<games>16</games>
	<author href="http://www.logiqx.com">Logiqx</author>

	<dats>
		<dat>
			&CMPro;
			<file name="daph994.zip" size="2"/>
		</dat>

		<dat>
			&ROMCenter;
			<file name="Daphne%20v0.99.4.zip" size="2"/>
		</dat>
	</dats>

	<revisions>
		<revision>
			<date>20 October 2001</date>
			<comment>Daphne v0.99.4 (added Badlands and Goal to Go).</comment>
		</revision>

		<revision>
			<date>27 September 2001</date>
			<comment>Daphne v0.99.3a.</comment>
		</revision>
	</revisions>
</emulator>
