<emulator id="RAINEUn">
	<img src="RAINEUn.gif" width="214" height="40"/>
	<name>RAINE</name>
	<version>20000819</version>
	<suitability></suitability>
	<status></status>
	<date>20/08/2000</date>
	<games>260</games>
	<author href="http://www.logiqx.com">Logiqx</author>

	<comment>
		<p>The dat was generated using DatUtil (with sorting switched on) and is intended for anyone who uses RomCenter (you <u>must</u> use this dat for correct behaviour).</p>
	</comment>

	<dats>
		<dat>
			&ROMCenter;
			<file name="raine%2020000819.zip" size="37"/>
		</dat>
	</dats>

	<revisions>
		<revision>
			<date>20 August 2000</date>
			<comment>Added 20000819 dat for RomCenter (<a href="RC_Dats/raine 20000809.zip">20000809</a> is still online).</comment>
		</revision>

		<revision>
			<date>15 August 2000</date>
			<comment>Added 20000809 dat for RomCenter (<a href="RC_Dats/raine 20000725.zip">20000725</a> is still online).</comment>
		</revision>

		<revision>
			<date>25 July 2000</date>
			<comment>Added 20000725 dat for RomCenter (<a href="RC_Dats/raine 28h.zip">0.28h</a> is still online).</comment>
		</revision>

		<revision>
			<date>6 June 2000</date>
			<comment>Added v0.28h dat for RomCenter (<a href="RC_Dats/raine 28g.zip">0.28g</a> is still online).</comment>
		</revision>

		<revision>
			<date>23 May 2000</date>
			<comment>Added v0.28g dat for RomCenter (<a href="RC_Dats/raine 28f.zip">0.28f</a> is still online).</comment>
		</revision>
	</revisions>
</emulator>
