<emulator id="ACE">
	<img src="ACE.gif" width="57" height="40"/>
	<name>ACE</name>
	<version>v1.9</version>
	<suitability></suitability>
	<status></status>
	<date>02/04/2002</date>
	<games>84</games>

	<author href="http://cps2emu.emuhelp.com">CyrussD</author>

	<comment><p>Emulates Capcom Play System and SNK Neo-Geo games.</p></comment>

	<dats>
		<dat>
			&CMPro;
			<file name="ace19.zip" size="14"/>
		</dat>

		<dat>
			&ROMCenter;
			<file name="ACE%20v1.9.zip" size="17"/>
		</dat>
	</dats>

	<revisions>
		<revision>
			<date>2 April 2002</date>
			<comment>Added XOR for spf2t.</comment>
		</revision>

		<revision>
			<date>26 February 2002</date>
			<comment>Uploaded dats for ACE v1.9 (added 46 CPS2 games all but vampj, vsavj, xmcotaj and 19xx, msh, qndream ssf2, ssf2t with their clones, added 1 NeoGeo game).</comment>
		</revision>

		<revision>
			<date>23 January 2002</date>
			<comment>Uploaded dats for ACE v1.8 (added 3 games and added ng-sm1.rom into all NeoGeo games).</comment>
		</revision>

		<revision>
			<date>11 November 2001</date>
			<comment>Uploaded dats for ACE v1.7a (added 5 new Neo-Geo games and 2 new CPS-2 games).</comment>
		</revision>

		<revision>
			<date>17 October 2001</date>
			<comment>Uploaded dats for ACE v1.6 (added KOF94, Metal Slug 2 and Metal Slug X).</comment>
		</revision>

		<revision>
			<date>18 September 2001</date>
			<comment>Uploaded dats for ACE v1.5 (added 6 games; Neo-Geo and System-16).</comment>
		</revision>

		<revision>
			<date>25 August 2001</date>
			<comment>Uploaded dats for ACE v1.4 (added 5 games).</comment>
		</revision>

		<revision>
			<date>9 August 2001</date>
			<comment>Uploaded dats for ACE v1.3 (added 8 games).</comment>
		</revision>

		<revision>
			<date>31 July 2001</date>
			<comment>Uploaded dats for ACE v1.2b (added Capcom Sports Club and Street Fighter Alpha).</comment>
		</revision>

		<revision>
			<date>14 July 2001</date>
			<comment>Uploaded dats for ACE v1.1.</comment>
		</revision>

		<revision>
			<date>16 May 2001</date>
			<comment>Uploaded dats for ACE v1.0.</comment>
		</revision>
	</revisions>
</emulator>
