<emulator id="MAMEImages">
	<img src="MAMEImages.gif" width="174" height="40"/>
	<name>MAME Images</name>
	<version>20010422</version>
	<suitability></suitability>
	<status></status>
	<date>22/04/2001</date>
	<games>Many</games>
	<author>Dare</author>

	<comment><p>Flyers, Cabinets, Icons, Marquees and Snaps for MAME.<br/>Created and maintained by Dare.</p></comment>

	<dats>
		<dat>
			&CMPro;
			<file name="mame_img.zip" size="113"/>
		</dat>

		<dat>
			&ROMCenter;
			<file name="MAME%20Images.zip" size="112"/>
		</dat>
	</dats>

	<revisions>
		<revision>
			<date>22 April 2001</date>
			<comment>First release.</comment>
		</revision>
	</revisions>
</emulator>
