<emulator id="FinalBurnAlpha">
	<img src="FinalBurnAlpha.gif" width="195" height="40"/>
	<name>Final Burn Alpha</name>
	<version>v0.2.6</version>
	<suitability></suitability>
	<status></status>
	<date>03/05/2002</date>
	<games>178</games>
	<author href="http://www.logiqx.com">Logiqx</author>

	<dats>
		<dat>
			&CMPro;
			<file name="fba026.zip" size="33"/>
		</dat>

		<dat>
			&ROMCenter;
			<file name="Final%20Burn%20Alpha%20v0.2.6.zip" size="39"/>
		</dat>
	</dats>

	<revisions>
		<revision>
			<date>3 May 2002</date>
			<comment>Updated supplementary dats for MAME v0.60.</comment>
		</revision>

		<revision>
			<date>2 April 2002</date>
			<comment>Released for Final Burn Alpha v0.2.6.</comment>
		</revision>

		<revision>
			<date>29 March 2002</date>
			<comment>Released for Final Burn Alpha v0.2.5.</comment>
		</revision>
	</revisions>
</emulator>
