<emulator id="ZN">
	<img src="ZN.gif" width="37" height="40"/>
	<name>ZN</name>
	<version>20020409</version>
	<suitability></suitability>
	<status></status>
	<date>09/04/2002</date>
	<games>18</games>
	<author href="http://www.logiqx.com">Logiqx</author>

	<comment><p>Sony ZN-1 and ZN-2</p></comment>

	<dats>
		<dat>
			&CMPro;
			<file name="zn20020409.zip" size="4"/>
		</dat>

		<dat>
			&ROMCenter;
			<file name="ZN%2020020409.zip" size="4"/>
		</dat>
	</dats>

	<revisions>
		<revision>
			<date>9 April 2002</date>
			<comment>Updated psyforce to match Zinc v0.8.</comment>
		</revision>

		<revision>
			<date>25 March 2002</date>
			<comment>Updated to match Zinc v0.5.</comment>
		</revision>

		<revision>
			<date>18 November 2001</date>
			<comment>Removed the bad sample ROM from Psychic Force.</comment>
		</revision>

		<revision>
			<date>3 October 2001</date>
			<comment>First release.</comment>
		</revision>
	</revisions>
</emulator>
