<emulator id="MAMESamples">
	<img src="MAMESamples.gif" width="188" height="40"/>
	<name>MAME Samples</name>
	<version>20020207</version>
	<suitability></suitability>
	<status></status>
	<date>07/02/2002</date>
	<games>49</games>
	<author href="mailto:rob@logiqx.com">Rob</author>

	<comment><p>Created and maintained by Rob (<a href="mailto:rob@logiqx.com">rob@logiqx.com</a>).</p></comment>
	<dats>
		<dat>
			&CMPro;
			<file name="msam20020207.zip" size="11"/>
		</dat>

		<dat>
			&ROMCenter;
			<file name="MAME%20Samples%2020020207.zip" size="12"/>
		</dat>
	</dats>

	<revisions>
		<revision>
			<date>7 February 2002</date>
			<comment>Rob submitted his dat, containing proper game titles.</comment>
		</revision>

		<revision>
			<date>6 February 2002</date>
			<comment>Added samples for Buck Rogers and Gridlee. Removed VLM5030 samples (update by Roman).</comment>
		</revision>

		<revision>
			<date>4 November 2001</date>
			<comment>Renamed gotya sampleset to thehand.</comment>
		</revision>

		<revision>
			<date>1 September 2001</date>
			<comment>Updated samples for Star Castle, Star Cruiser and Xevious.  Added Shark Attack samples.  All new samples courtesy of <a href="http://www.mameworld.net/dith/">Dith's Enhanced MAME Samples</a>.</comment>
		</revision>

		<revision>
			<date>9 July 2001</date>
			<comment>Added new Xevious samples.</comment>
		</revision>

		<revision>
			<date>1 May 2001</date>
			<comment>First release.</comment>
		</revision>
	</revisions>
</emulator>
