<emulator id="MAMEFlyers">
	<img src="MAMEFlyers.gif" width="159" height="40"/>
	<name>MAME Flyers</name>
	<version>20020409</version>
	<suitability></suitability>
	<status></status>
	<date>09/04/2002</date>
	<games>1750</games>
	<author href="http://www.arcadeflyers.com">Gerard Maathuis (Xray1)</author>

	<comment><p>Maintained by <a href="http://www.arcadeflyers.com">Gerard Maathuis (Xray1)</a>.</p></comment>

	<dats>
		<dat>
			&CMPro;
			<file name="mfly20020409.zip" size="26"/>
		</dat>

		<dat>
			&ROMCenter;
			<file name="MAME%20Flyers%2020020409.zip" size="26"/>
		</dat>
	</dats>

	<revisions>
		<revision>
			<date>9 April 2002</date>
			<comment>Updated for MAME pack 19.</comment>
		</revision>

		<revision>
			<date>25 March 2002</date>
			<comment>Updated for MAME pack 18.</comment>
		</revision>

		<revision>
			<date>8 February 2002</date>
			<comment>Updated for MAME pack 17.</comment>
		</revision>

		<revision>
			<date>10 January 2002</date>
			<comment>Updated for MAME pack 16.</comment>
		</revision>

		<revision>
			<date>7 January 2002</date>
			<comment>Minor fix by Roman.</comment>
		</revision>

		<revision>
			<date>25 December 2001</date>
			<comment>Updated for MAME pack 15.</comment>
		</revision>

		<revision>
			<date>23 November 2001</date>
			<comment>Roman updated for MAME pack 14 (and the fix).</comment>
		</revision>

		<revision>
			<date>29 September 2001</date>
			<comment>Added flyers from MAME pack 12.</comment>
		</revision>

		<revision>
			<date>10 June 2001</date>
			<comment>Added flyers from MAME pack 22.</comment>
		</revision>

		<revision>
			<date>24 April 2001</date>
			<comment>First release.</comment>
		</revision>
	</revisions>
</emulator>
