<emulator id="Modeler3D">
	<img src="Modeler3D.gif" width="214" height="40"/>
	<name>Modeler (Model 1)</name>
	<version>v0.0.5</version>
	<suitability></suitability>
	<status></status>
	<date>09/01/2001</date>
	<games>3</games>
	<author href="http://www.logiqx.com">Logiqx</author>

	<comment><p>Emulates Sega Model 1 based games</p></comment>

	<dats>
		<dat>
			&CMPro;
			<file name="modeler5.zip" size="1"/>
		</dat>

		<dat>
			&ROMCenter;
			<file name="Modeler%20v0.0.5.zip" size="1"/>
		</dat>
	</dats>

	<revisions>
		<revision>
			<date>9 January 2001</date>
			<comment>Uploaded dats for v0.0.5 of Modeler.<br/>Thanks to TAS 2012 for creating it for CMPro.</comment>
		</revision>
	</revisions>
</emulator>
