<emulator id="MAMEIcons">
	<img src="MAMEIcons.gif" width="150" height="40"/>
	<name>MAME Icons</name>
	<version>20020501</version>
	<suitability></suitability>
	<status></status>
	<date>01/05/2002</date>
	<games>3384</games>
	<author href="http://www.classicgaming.com/mame32qa/">John IV</author>

	<comment><p>Maintained by <a href="http://www.classicgaming.com/mame32qa/">John IV</a>.</p></comment>

	<dats>
		<dat>
			&CMPro;
			<file name="mico20020501.zip" size="29"/>
		</dat>

		<dat>
			&ROMCenter;
			<file name="MAME%20Icons%2020020501.zip" size="33"/>
		</dat>
	</dats>

	<revisions>
		<revision>
			<date>2 May 2002</date>
			<comment>Official data file for MAME v0.60 by John IV.</comment>
		</revision>

		<revision>
			<date>23 March 2002</date>
			<comment>Official data file for MAME v0.59 by John IV.</comment>
		</revision>

		<revision>
			<date>6 February 2002</date>
			<comment>Official data file for MAME v0.58 by John IV.</comment>
		</revision>

		<revision>
			<date>2 January 2002</date>
			<comment>Official data file for MAME v0.57 by John IV.</comment>
		</revision>

		<revision>
			<date>23 November 2001</date>
			<comment>Updated by Roman for MAME v0.56.</comment>
		</revision>

		<revision>
			<date>19 September 2001</date>
			<comment>Updated for MAME v0.55.</comment>
		</revision>

		<revision>
			<date>12 June 2001</date>
			<comment>Minor update from Dare (version 20010608).</comment>
		</revision>

		<revision>
			<date>31 May 2001</date>
			<comment>Updated for MAME v0.37 b15.</comment>
		</revision>

		<revision>
			<date>24 April 2001</date>
			<comment>First release (corresponding to MAME v0.27 b14).</comment>
		</revision>
	</revisions>
</emulator>
