<emulator id="ModelerNew">
	<img src="ModelerNew.gif" width="98" height="40"/>
	<name>Modeler</name>
	<version>v0.9.3a</version>
	<suitability></suitability>
	<status></status>
	<date>09/12/2001</date>
	<games>20</games>
	<author href="http://www.logiqx.com">Logiqx</author>

	<comment><p>Emulates Sega System 32 and Model 1 based games</p></comment>

	<dats>
		<dat>
			&CMPro;
			<file name="model093a.zip" size="10"/>
		</dat>

		<dat>
			&ROMCenter;
			<file name="Modeler%20v0.9.3a.zip" size="9"/>
		</dat>
	</dats>

	<revisions>
		<revision>
			<date>9 December 2001</date>
			<comment>Changed Outrunners ROMs for Modeler v0.9.3a (CMPro can shorten the old ROMs automatically).</comment>
		</revision>

		<revision>
			<date>18 November 2001</date>
			<comment>Added Virtua Fighter sound ROMs for Modeler v0.9.3.</comment>
		</revision>

		<revision>
			<date>1 October 2001</date>
			<comment>Added Title Fight for Modeler v0.9.2.</comment>
		</revision>

		<revision>
			<date>21 September 2001</date>
			<comment>Updated dats (corrected a couple of CRCs in Rad Rally, get the ROMs from Rad Mobile).</comment>
		</revision>

		<revision>
			<date>18 September 2001</date>
			<comment>Uploaded dats for v0.9.0 of Modeler (12 games added).</comment>
		</revision>

		<revision>
			<date>15 January 2001</date>
			<comment>Uploaded dats for v0.1.1 of Modeler (Arabian Fight, Virtua Racing and Virtua Fighter added).</comment>
		</revision>

		<revision>
			<date>12 January 2001</date>
			<comment>Uploaded dats for v0.1.0 of Modeler.</comment>
		</revision>
	</revisions>
</emulator>
