<emulator id="MESSBeta">
	<img src="MESSBeta.gif" width="153" height="40"/>
	<name>MESS</name>
	<version>v0.37 beta 10</version>
	<suitability></suitability>
	<status></status>
	<date>27/12/2000</date>
	<games>210</games>

	<comment>
		<p>Both dats were generated using DatUtil (with sorting switched on) and are intended for:</p>
		<ul>
			<li><p>Users of MESS32 (where listinfo is not available)</p></li>
			<li><p>CMPro users of MESS (if they haven't compiled in my sample fix)</p></li>
			<li><p>Anyone who uses RomCenter (you <u>must</u> use this dat for correct behaviour)</p></li>
		</ul>
	</comment>

	<dats>
		<dat>
			&CMPro;
			<file name="ms37b10.zip" size="10"/>
		</dat>

		<dat>
			&ROMCenter;
			<file name="mess%2037b10.zip" size="9"/>
		</dat>
	</dats>

	<revisions>
		<revision>
			<date>27 December 2000</date>
			<comment>Added v0.37b10 dats for CMPro and RomCenter.</comment>
		</revision>

		<revision>
			<date>6 December 2000</date>
			<comment>Added v0.37b9 dats for CMPro and RomCenter.</comment>
		</revision>

		<revision>
			<date>12 October 2000</date>
			<comment>Added v0.37b8 dats for CMPro and RomCenter.</comment>
		</revision>

		<revision>
			<date>20 September 2000</date>
			<comment>Added v0.37b7 dats for CMPro and RomCenter.</comment>
		</revision>

		<revision>
			<date>24 August 2000</date>
			<comment>Added v0.37b6 dats for CMPro and RomCenter.</comment>
		</revision>

		<revision>
			<date>3 August 2000</date>
			<comment>Added v0.37b5 dats for CMPro and RomCenter.</comment>
		</revision>

		<revision>
			<date>23 June 2000</date>
			<comment>Added v0.37b4 dats for CMPro and RomCenter.</comment>
		</revision>

		<revision>
			<date>1 June 2000</date>
			<comment>Added v0.37b3 dats for CMPro and RomCenter.</comment>
		</revision>

		<revision>
			<date>23 May 2000</date>
			<comment>Added v0.37b2 dats for CMPro and RomCenter.</comment>
		</revision>
	</revisions>
</emulator>
