<emulator id="MAMESnaps">
	<img src="MAMESnaps.gif" width="162" height="40"/>
	<name>MAME Snaps</name>
	<version>20020501</version>
	<suitability></suitability>
	<status></status>
	<date>01/05/2002</date>
	<games>1900</games>
	<author href="http://www.classicgaming.com/mame32qa/">John IV</author>

	<comment><p>Maintained by <a href="http://www.classicgaming.com/mame32qa/">John IV</a>.</p></comment>

	<dats>
		<dat>
			&CMPro;
			<file name="msnp20020501.zip" size="27"/>
		</dat>

		<dat>
			&ROMCenter;
			<file name="MAME%20Snaps%2020020501.zip" size="28"/>
		</dat>
	</dats>

	<revisions>
		<revision>
			<date>2 May 2002</date>
			<comment>Official data file for MAME v0.60 by John IV.</comment>
		</revision>

		<revision>
			<date>23 March 2002</date>
			<comment>Official data file for MAME v0.59 by John IV.</comment>
		</revision>

		<revision>
			<date>6 February 2002</date>
			<comment>Official data file for MAME v0.58 by John IV.</comment>
		</revision>

		<revision>
			<date>2 January 2002</date>
			<comment>Official data file for MAME v0.57 by John IV.</comment>
		</revision>

		<revision>
			<date>11 December 2001</date>
			<comment>Updated for MAME v0.57 (Dave).</comment>
		</revision>

		<revision>
			<date>29 September 2001</date>
			<comment>Updated for MAME v0.55 (Rob).</comment>
		</revision>

		<revision>
			<date>27 May 2001</date>
			<comment>Updated for MAME v0.37b15.</comment>
		</revision>

		<revision>
			<date>24 April 2001</date>
			<comment>First release.</comment>
		</revision>
	</revisions>
</emulator>
