<emulator id="NebulaJukebox">
	<img src="NebulaJukebox.gif" width="189" height="40"/>
	<name>Nebula Jukebox</name>
	<version>v2.1</version>
	<suitability></suitability>
	<status></status>
	<date>02/05/2002</date>
	<games>215</games>
	<author href="http://www.logiqx.com">Logiqx</author>

	<comment><p>Neo-Geo, CPS-1, CPS-2, ZN-1 and ZN-2 sound player</p></comment>

	<dats>
		<dat>
			&CMPro;
			<file name="nebulajb21.zip" size="14"/>
		</dat>

		<dat>
			&ROMCenter;
			<file name="Nebula%20Jukebox%20v2.1.zip" size="15"/>
		</dat>
	</dats>

	<revisions>
		<revision>
			<date>2 May 2002</date>
			<comment>Updated to match MAME v0.60.</comment>
		</revision>

		<revision>
			<date>14 April 2002</date>
			<comment>Added Bang Bead and KOF2001.</comment>
		</revision>

		<revision>
			<date>9 April 2002</date>
			<comment>Updated psyforce to match Zinc v0.8.</comment>
		</revision>

		<revision>
			<date>4 April 2002</date>
			<comment>Updated for Nebula Jukebox v2.1 (added bucky and moo).</comment>
		</revision>

		<revision>
			<date>25 March 2002</date>
			<comment>Updated to use standard ROM names (MAME v0.59 and Zinc v0.5).</comment>
		</revision>

		<revision>
			<date>4 March 2002</date>
			<comment>Updated for Nebula Jukebox v2.0a.</comment>
		</revision>

		<revision>
			<date>6 February 2002</date>
			<comment>Updated kof2000 to match MAME v0.58.</comment>
		</revision>

		<revision>
			<date>2 January 2002</date>
			<comment>Updated kof2000 and mslug3.</comment>
		</revision>

		<revision>
			<date>9 December 2001</date>
			<comment>Changed v2 in mslug3.</comment>
		</revision>

		<revision>
			<date>11 October 2001</date>
			<comment>Updated for Nebula Jukebox v1.62 (added nitd, s1945p and sengoku3).<br/>Changed kof99, kof2000, alpham2 and ganryu to use standard ROM names.</comment>
		</revision>

		<revision>
			<date>10 October 2001</date>
			<comment>Updated for Nebula Jukebox v1.61 (added mslug3 and rckmanj).</comment>
		</revision>

		<revision>
			<date>3 October 2001</date>
			<comment>First release.</comment>
		</revision>
	</revisions>
</emulator>
