<clrmamepro>
	<datfile>
		<name>CPS-1 (MAME Supplement)</name>
		<description>CPS-1 20051124 (Fully-merged MAME Supplement)</description>
		<version>20051124</version>
		<author>Logiqx, http://www.logiqx.com/</author>
		<comment></comment>
		<url>www.logiqx.com/Dats/CPS-1/CPS-1 20051124 (cm).zip</url>
		<file>CPS-1 20051124 (Fully-merged MAME Supplement).dat</file>
	</datfile>
	<datfile>
		<name>CPS-1 (MAME Supplement)</name>
		<description>CPS-1 20051124 (Non-merged MAME Supplement)</description>
		<version>20051124</version>
		<author>Logiqx, http://www.logiqx.com/</author>
		<comment></comment>
		<url>www.logiqx.com/Dats/CPS-1/CPS-1 20051124 (cm).zip</url>
		<file>CPS-1 20051124 (Non-merged MAME Supplement).dat</file>
	</datfile>
	<datfile>
		<name>CPS-1 (MAME Supplement)</name>
		<description>CPS-1 20051124 (Split-merged MAME Supplement)</description>
		<version>20051124</version>
		<author>Logiqx, http://www.logiqx.com/</author>
		<comment></comment>
		<url>www.logiqx.com/Dats/CPS-1/CPS-1 20051124 (cm).zip</url>
		<file>CPS-1 20051124 (Split-merged MAME Supplement).dat</file>
	</datfile>
	<datfile>
		<name>CPS-1</name>
		<description>CPS-1 20051124</description>
		<version>20051124</version>
		<author>Logiqx, http://www.logiqx.com/</author>
		<comment></comment>
		<url>www.logiqx.com/Dats/CPS-1/CPS-1 20051124 (cm).zip</url>
		<file>CPS-1 20051124.dat</file>
	</datfile>
	<datfile>
		<name>CPS-2 (MAME Supplement)</name>
		<description>CPS-2 20060104 (Fully-merged MAME Supplement)</description>
		<version>20060104</version>
		<author>Logiqx, http://www.logiqx.com/</author>
		<comment></comment>
		<url>www.logiqx.com/Dats/CPS-2/CPS-2 20060104 (cm).zip</url>
		<file>CPS-2 20060104 (Fully-merged MAME Supplement).dat</file>
	</datfile>
	<datfile>
		<name>CPS-2 (MAME Supplement)</name>
		<description>CPS-2 20060104 (Non-merged MAME Supplement)</description>
		<version>20060104</version>
		<author>Logiqx, http://www.logiqx.com/</author>
		<comment></comment>
		<url>www.logiqx.com/Dats/CPS-2/CPS-2 20060104 (cm).zip</url>
		<file>CPS-2 20060104 (Non-merged MAME Supplement).dat</file>
	</datfile>
	<datfile>
		<name>CPS-2 (MAME Supplement)</name>
		<description>CPS-2 20060104 (Split-merged MAME Supplement)</description>
		<version>20060104</version>
		<author>Logiqx, http://www.logiqx.com/</author>
		<comment></comment>
		<url>www.logiqx.com/Dats/CPS-2/CPS-2 20060104 (cm).zip</url>
		<file>CPS-2 20060104 (Split-merged MAME Supplement).dat</file>
	</datfile>
	<datfile>
		<name>CPS-2</name>
		<description>CPS-2 20060104</description>
		<version>20060104</version>
		<author>Logiqx, http://www.logiqx.com/</author>
		<comment></comment>
		<url>www.logiqx.com/Dats/CPS-2/CPS-2 20060104 (cm).zip</url>
		<file>CPS-2 20060104.dat</file>
	</datfile>
	<datfile>
		<name>Neo-Geo (MAME Supplement)</name>
		<description>Neo-Geo 20060206 (Fully-merged MAME Supplement)</description>
		<version>20060206</version>
		<author>Logiqx, http://www.logiqx.com/</author>
		<comment></comment>
		<url>www.logiqx.com/Dats/Neo-Geo/Neo-Geo 20060206 (cm).zip</url>
		<file>Neo-Geo 20060206 (Fully-merged MAME Supplement).dat</file>
	</datfile>
	<datfile>
		<name>Neo-Geo (MAME Supplement)</name>
		<description>Neo-Geo 20060206 (Non-merged MAME Supplement)</description>
		<version>20060206</version>
		<author>Logiqx, http://www.logiqx.com/</author>
		<comment></comment>
		<url>www.logiqx.com/Dats/Neo-Geo/Neo-Geo 20060206 (cm).zip</url>
		<file>Neo-Geo 20060206 (Non-merged MAME Supplement).dat</file>
	</datfile>
	<datfile>
		<name>Neo-Geo (MAME Supplement)</name>
		<description>Neo-Geo 20060206 (Split-merged MAME Supplement)</description>
		<version>20060206</version>
		<author>Logiqx, http://www.logiqx.com/</author>
		<comment></comment>
		<url>www.logiqx.com/Dats/Neo-Geo/Neo-Geo 20060206 (cm).zip</url>
		<file>Neo-Geo 20060206 (Split-merged MAME Supplement).dat</file>
	</datfile>
	<datfile>
		<name>Neo-Geo</name>
		<description>Neo-Geo 20060206</description>
		<version>20060206</version>
		<author>Logiqx, http://www.logiqx.com/</author>
		<comment></comment>
		<url>www.logiqx.com/Dats/Neo-Geo/Neo-Geo 20060206 (cm).zip</url>
		<file>Neo-Geo 20060206.dat</file>
	</datfile>
	<datfile>
		<name>ZN</name>
		<description>ZN 20060104</description>
		<version>20060104</version>
		<author>Logiqx, http://www.logiqx.com/</author>
		<comment></comment>
		<url>www.logiqx.com/Dats/ZN/ZN 20060104 (cm).zip</url>
		<file>ZN 20060104.dat</file>
	</datfile>
</clrmamepro>
