<?xml version="1.0"?>
<clrmamepro>
	<datfile>
		<name>CPS-1</name>
		<description>CPS-1 20060724</description>
		<version>20060724</version>
		<author>Logiqx, http://www.logiqx.com/</author>
		<comment></comment>
		<url>www.logiqx.com/Dats/CPS-1/CPS-1 20060724 (cm).zip</url>
		<file>CPS-1 20060724.dat</file>
	</datfile>
	<datfile>
		<name>CPS-2</name>
		<description>CPS-2 20070506</description>
		<version>20070506</version>
		<author>Logiqx, http://www.logiqx.com/</author>
		<comment></comment>
		<url>www.logiqx.com/Dats/CPS-2/CPS-2 20070506 (cm).zip</url>
		<file>CPS-2 20070506.dat</file>
	</datfile>
	<datfile>
		<name>Neo-Geo</name>
		<description>Neo-Geo 20070403</description>
		<version>20070403</version>
		<author>Logiqx, http://www.logiqx.com/</author>
		<comment></comment>
		<url>www.logiqx.com/Dats/Neo-Geo/Neo-Geo 20070403 (cm).zip</url>
		<file>Neo-Geo 20070403.dat</file>
	</datfile>
</clrmamepro>
