<?xml version="1.0"?>
<clrmamepro>
	<datfile>
		<name>CPS-2</name>
		<description>CPS-2 20101027</description>
		<version>20101027</version>
		<author>Logiqx</author>
		<comment>Please report any data file issues at http://forum.logiqx.com/</comment>
		<url>www.logiqx.com/Dats/CPS-2/CPS-2 20101027 (xml).zip</url>
		<file>CPS-2 20101027.dat</file>
	</datfile>
	<datfile>
		<name>Neo-Geo</name>
		<description>Neo-Geo 20101027</description>
		<version>20101027</version>
		<author>Logiqx</author>
		<comment>Please report any data file issues at http://forum.logiqx.com/</comment>
		<url>www.logiqx.com/Dats/Neo-Geo/Neo-Geo 20101027 (xml).zip</url>
		<file>Neo-Geo 20101027.dat</file>
	</datfile>
</clrmamepro>
