<clrmamepro>
	<datfile>
		<name>CPS-1 (MAME Supplement)</name>
		<description>CPS-1 20051124 (Fully-merged MAME Supplement)</description>
		<version>20051124</version>
		<author>Logiqx, http://www.logiqx.com/</author>
		<comment></comment>
		<url>www.logiqx.com/Dats/CPS-1/CPS-1 20051124 (cm).zip</url>
		<file>CPS-1 20051124 (Fully-merged MAME Supplement).dat</file>
	</datfile>
	<datfile>
		<name>CPS-1 (MAME Supplement)</name>
		<description>CPS-1 20051124 (Non-merged MAME Supplement)</description>
		<version>20051124</version>
		<author>Logiqx, http://www.logiqx.com/</author>
		<comment></comment>
		<url>www.logiqx.com/Dats/CPS-1/CPS-1 20051124 (cm).zip</url>
		<file>CPS-1 20051124 (Non-merged MAME Supplement).dat</file>
	</datfile>
	<datfile>
		<name>CPS-1 (MAME Supplement)</name>
		<description>CPS-1 20051124 (Split-merged MAME Supplement)</description>
		<version>20051124</version>
		<author>Logiqx, http://www.logiqx.com/</author>
		<comment></comment>
		<url>www.logiqx.com/Dats/CPS-1/CPS-1 20051124 (cm).zip</url>
		<file>CPS-1 20051124 (Split-merged MAME Supplement).dat</file>
	</datfile>
	<datfile>
		<name>CPS-1</name>
		<description>CPS-1 20051124</description>
		<version>20051124</version>
		<author>Logiqx, http://www.logiqx.com/</author>
		<comment></comment>
		<url>www.logiqx.com/Dats/CPS-1/CPS-1 20051124 (cm).zip</url>
		<file>CPS-1 20051124.dat</file>
	</datfile>
	<datfile>
		<name>CPS-2 (MAME Supplement)</name>
		<description>CPS-2 20050916 (Fully-merged MAME Supplement)</description>
		<version>20050916</version>
		<author>Logiqx, http://www.logiqx.com/</author>
		<comment></comment>
		<url>www.logiqx.com/Dats/CPS-2/CPS-2 20050916 (cm).zip</url>
		<file>CPS-2 20050916 (Fully-merged MAME Supplement).dat</file>
	</datfile>
	<datfile>
		<name>CPS-2 (MAME Supplement)</name>
		<description>CPS-2 20050916 (Non-merged MAME Supplement)</description>
		<version>20050916</version>
		<author>Logiqx, http://www.logiqx.com/</author>
		<comment></comment>
		<url>www.logiqx.com/Dats/CPS-2/CPS-2 20050916 (cm).zip</url>
		<file>CPS-2 20050916 (Non-merged MAME Supplement).dat</file>
	</datfile>
	<datfile>
		<name>CPS-2 (MAME Supplement)</name>
		<description>CPS-2 20050916 (Split-merged MAME Supplement)</description>
		<version>20050916</version>
		<author>Logiqx, http://www.logiqx.com/</author>
		<comment></comment>
		<url>www.logiqx.com/Dats/CPS-2/CPS-2 20050916 (cm).zip</url>
		<file>CPS-2 20050916 (Split-merged MAME Supplement).dat</file>
	</datfile>
	<datfile>
		<name>CPS-2</name>
		<description>CPS-2 20050916</description>
		<version>20050916</version>
		<author>Logiqx, http://www.logiqx.com/</author>
		<comment></comment>
		<url>www.logiqx.com/Dats/CPS-2/CPS-2 20050916 (cm).zip</url>
		<file>CPS-2 20050916.dat</file>
	</datfile>
	<datfile>
		<name>Neo-Geo (MAME Supplement)</name>
		<description>Neo-Geo 20050712 (Fully-merged MAME Supplement)</description>
		<version>20050712</version>
		<author>Logiqx, http://www.logiqx.com/</author>
		<comment></comment>
		<url>www.logiqx.com/Dats/Neo-Geo/Neo-Geo 20050712 (cm).zip</url>
		<file>Neo-Geo 20050712 (Fully-merged MAME Supplement).dat</file>
	</datfile>
	<datfile>
		<name>Neo-Geo (MAME Supplement)</name>
		<description>Neo-Geo 20050712 (Non-merged MAME Supplement)</description>
		<version>20050712</version>
		<author>Logiqx, http://www.logiqx.com/</author>
		<comment></comment>
		<url>www.logiqx.com/Dats/Neo-Geo/Neo-Geo 20050712 (cm).zip</url>
		<file>Neo-Geo 20050712 (Non-merged MAME Supplement).dat</file>
	</datfile>
	<datfile>
		<name>Neo-Geo (MAME Supplement)</name>
		<description>Neo-Geo 20050712 (Split-merged MAME Supplement)</description>
		<version>20050712</version>
		<author>Logiqx, http://www.logiqx.com/</author>
		<comment></comment>
		<url>www.logiqx.com/Dats/Neo-Geo/Neo-Geo 20050712 (cm).zip</url>
		<file>Neo-Geo 20050712 (Split-merged MAME Supplement).dat</file>
	</datfile>
	<datfile>
		<name>Neo-Geo</name>
		<description>Neo-Geo 20050712</description>
		<version>20050712</version>
		<author>Logiqx, http://www.logiqx.com/</author>
		<comment></comment>
		<url>www.logiqx.com/Dats/Neo-Geo/Neo-Geo 20050712 (cm).zip</url>
		<file>Neo-Geo 20050712.dat</file>
	</datfile>
	<datfile>
		<name>ZN</name>
		<description>ZN 20051124</description>
		<version>20051124</version>
		<author>Logiqx, http://www.logiqx.com/</author>
		<comment></comment>
		<url>www.logiqx.com/Dats/ZN/ZN 20051124 (cm).zip</url>
		<file>ZN 20051124.dat</file>
	</datfile>
</clrmamepro>
