<?xml version="1.0"?>
<clrmamepro>
	<datfile>
		<name>CPS-1</name>
		<description>CPS-1 20070922</description>
		<version>20070922</version>
		<author>Logiqx, http://www.logiqx.com/</author>
		<comment></comment>
		<url>www.logiqx.com/Dats/CPS-1/CPS-1 20070922 (cm).zip</url>
		<file>CPS-1 20070922.dat</file>
	</datfile>
	<datfile>
		<name>CPS-2</name>
		<description>CPS-2 20071119</description>
		<version>20071119</version>
		<author>Logiqx, http://www.logiqx.com/</author>
		<comment></comment>
		<url>www.logiqx.com/Dats/CPS-2/CPS-2 20071119 (cm).zip</url>
		<file>CPS-2 20071119.dat</file>
	</datfile>
	<datfile>
		<name>Neo-Geo</name>
		<description>Neo-Geo 20080101</description>
		<version>20080101</version>
		<author>Logiqx, http://www.logiqx.com/</author>
		<comment></comment>
		<url>www.logiqx.com/Dats/Neo-Geo/Neo-Geo 20080101 (cm).zip</url>
		<file>Neo-Geo 20080101.dat</file>
	</datfile>
</clrmamepro>
