<clrmamepro>
	<datfile>
		<name>CPS-1 (MAME Supplement)</name>
		<description>CPS-1 20060724 (Fully-merged MAME Supplement)</description>
		<version>20060724</version>
		<author>Logiqx, http://www.logiqx.com/</author>
		<comment></comment>
		<url>www.logiqx.com/Dats/CPS-1/CPS-1 20060724 (cm).zip</url>
		<file>CPS-1 20060724 (Fully-merged MAME Supplement).dat</file>
	</datfile>
	<datfile>
		<name>CPS-1 (MAME Supplement)</name>
		<description>CPS-1 20060724 (Non-merged MAME Supplement)</description>
		<version>20060724</version>
		<author>Logiqx, http://www.logiqx.com/</author>
		<comment></comment>
		<url>www.logiqx.com/Dats/CPS-1/CPS-1 20060724 (cm).zip</url>
		<file>CPS-1 20060724 (Non-merged MAME Supplement).dat</file>
	</datfile>
	<datfile>
		<name>CPS-1 (MAME Supplement)</name>
		<description>CPS-1 20060724 (Split-merged MAME Supplement)</description>
		<version>20060724</version>
		<author>Logiqx, http://www.logiqx.com/</author>
		<comment></comment>
		<url>www.logiqx.com/Dats/CPS-1/CPS-1 20060724 (cm).zip</url>
		<file>CPS-1 20060724 (Split-merged MAME Supplement).dat</file>
	</datfile>
	<datfile>
		<name>CPS-1</name>
		<description>CPS-1 20060724</description>
		<version>20060724</version>
		<author>Logiqx, http://www.logiqx.com/</author>
		<comment></comment>
		<url>www.logiqx.com/Dats/CPS-1/CPS-1 20060724 (cm).zip</url>
		<file>CPS-1 20060724.dat</file>
	</datfile>
	<datfile>
		<name>CPS-2 (MAME Supplement)</name>
		<description>CPS-2 20060724 (Fully-merged MAME Supplement)</description>
		<version>20060724</version>
		<author>Logiqx, http://www.logiqx.com/</author>
		<comment></comment>
		<url>www.logiqx.com/Dats/CPS-2/CPS-2 20060724 (cm).zip</url>
		<file>CPS-2 20060724 (Fully-merged MAME Supplement).dat</file>
	</datfile>
	<datfile>
		<name>CPS-2 (MAME Supplement)</name>
		<description>CPS-2 20060724 (Non-merged MAME Supplement)</description>
		<version>20060724</version>
		<author>Logiqx, http://www.logiqx.com/</author>
		<comment></comment>
		<url>www.logiqx.com/Dats/CPS-2/CPS-2 20060724 (cm).zip</url>
		<file>CPS-2 20060724 (Non-merged MAME Supplement).dat</file>
	</datfile>
	<datfile>
		<name>CPS-2 (MAME Supplement)</name>
		<description>CPS-2 20060724 (Split-merged MAME Supplement)</description>
		<version>20060724</version>
		<author>Logiqx, http://www.logiqx.com/</author>
		<comment></comment>
		<url>www.logiqx.com/Dats/CPS-2/CPS-2 20060724 (cm).zip</url>
		<file>CPS-2 20060724 (Split-merged MAME Supplement).dat</file>
	</datfile>
	<datfile>
		<name>CPS-2</name>
		<description>CPS-2 20060724</description>
		<version>20060724</version>
		<author>Logiqx, http://www.logiqx.com/</author>
		<comment></comment>
		<url>www.logiqx.com/Dats/CPS-2/CPS-2 20060724 (cm).zip</url>
		<file>CPS-2 20060724.dat</file>
	</datfile>
	<datfile>
		<name>Neo-Geo (MAME Supplement)</name>
		<description>Neo-Geo 20060724 (Fully-merged MAME Supplement)</description>
		<version>20060724</version>
		<author>Logiqx, http://www.logiqx.com/</author>
		<comment></comment>
		<url>www.logiqx.com/Dats/Neo-Geo/Neo-Geo 20060724 (cm).zip</url>
		<file>Neo-Geo 20060724 (Fully-merged MAME Supplement).dat</file>
	</datfile>
	<datfile>
		<name>Neo-Geo (MAME Supplement)</name>
		<description>Neo-Geo 20060724 (Non-merged MAME Supplement)</description>
		<version>20060724</version>
		<author>Logiqx, http://www.logiqx.com/</author>
		<comment></comment>
		<url>www.logiqx.com/Dats/Neo-Geo/Neo-Geo 20060724 (cm).zip</url>
		<file>Neo-Geo 20060724 (Non-merged MAME Supplement).dat</file>
	</datfile>
	<datfile>
		<name>Neo-Geo (MAME Supplement)</name>
		<description>Neo-Geo 20060724 (Split-merged MAME Supplement)</description>
		<version>20060724</version>
		<author>Logiqx, http://www.logiqx.com/</author>
		<comment></comment>
		<url>www.logiqx.com/Dats/Neo-Geo/Neo-Geo 20060724 (cm).zip</url>
		<file>Neo-Geo 20060724 (Split-merged MAME Supplement).dat</file>
	</datfile>
	<datfile>
		<name>Neo-Geo</name>
		<description>Neo-Geo 20060724</description>
		<version>20060724</version>
		<author>Logiqx, http://www.logiqx.com/</author>
		<comment></comment>
		<url>www.logiqx.com/Dats/Neo-Geo/Neo-Geo 20060724 (cm).zip</url>
		<file>Neo-Geo 20060724.dat</file>
	</datfile>
	<datfile>
		<name>ZN</name>
		<description>ZN 20060514</description>
		<version>20060514</version>
		<author>Logiqx, http://www.logiqx.com/</author>
		<comment></comment>
		<url>www.logiqx.com/Dats/ZN/ZN 20060514 (cm).zip</url>
		<file>ZN 20060514.dat</file>
	</datfile>
</clrmamepro>
