<emulator id="Modeler">
	<img src="Modeler.gif" width="245" height="40"/>
	<name>Modeler (System 32)</name>
	<version>v0.0.4</version>
	<suitability></suitability>
	<status></status>
	<date>05/12/2000</date>
	<games>5</games>
	<author href="http://www.logiqx.com">Logiqx</author>

	<comment><p>Emulates Sega System 32 based games</p></comment>

	<dats>
		<dat>
			&CMPro;
			<file name="modeler4.zip" size="2"/>
		</dat>

		<dat>
			&ROMCenter;
			<file name="Modeler%20v0.0.4.zip" size="2"/>
		</dat>
	</dats>

	<revisions>
		<revision>
			<date>05 December 2000</date>
			<comment>Uploaded dats for v0.0.4 of Modeler.<br/>Modified SpkLeader's CMPro dat to include year and manufacturer (you will see why later this week ;).</comment>
		</revision>
	</revisions>
</emulator>
