<?xml version="1.0"?>
<clrmamepro>
	<datfile>
		<name>MAME</name>
		<description>MAME v0.122</description>
		<version>20071220</version>
		<author>Logiqx, http://www.logiqx.com/</author>
		<comment></comment>
		<url>www.logiqx.com/Dats/MAMEBeta/MAME v0.122 (cm).zip</url>
		<file>MAME v0.122.dat</file>
	</datfile>
	<datfile>
		<name>MAME SuperSet</name>
		<description>MAME SuperSet v0.122</description>
		<version>20080101</version>
		<author>Logiqx, http://www.logiqx.com/</author>
		<comment></comment>
		<url>www.logiqx.com/Dats/MAMESuperSet/MAME SuperSet v0.122 (cm).zip</url>
		<file>MAME SuperSet v0.122.dat</file>
	</datfile>
	<datfile>
		<name>Capcom Play System 3 Emulator (Fully-merged SuperSet Supplement)</name>
		<description>Capcom Play System 3 Emulator v1.0 (Fully-merged SuperSet Supplement)</description>
		<version>20080102</version>
		<author>Logiqx, http://www.logiqx.com/</author>
		<comment></comment>
		<url>www.logiqx.com/Dats/MAMESuperSetEmusM/Various Emulators v0.122 (Fully-merged SuperSet Supplements) (cm).zip</url>
		<file>Capcom Play System 3 Emulator v1.0 (Fully-merged SuperSet Supplement).dat</file>
	</datfile>
	<datfile>
		<name>FBA (Fully-merged SuperSet Supplement)</name>
		<description>FBA v0.2.96.72 (Fully-merged SuperSet Supplement)</description>
		<version>20080102</version>
		<author>Logiqx, http://www.logiqx.com/</author>
		<comment></comment>
		<url>www.logiqx.com/Dats/MAMESuperSetEmusM/Various Emulators v0.122 (Fully-merged SuperSet Supplements) (cm).zip</url>
		<file>FBA v0.2.96.72 (Fully-merged SuperSet Supplement).dat</file>
	</datfile>
	<datfile>
		<name>M1 (Fully-merged SuperSet Supplement)</name>
		<description>M1 v0.7.8a5 (Fully-merged SuperSet Supplement)</description>
		<version>20080102</version>
		<author>Logiqx, http://www.logiqx.com/</author>
		<comment></comment>
		<url>www.logiqx.com/Dats/MAMESuperSetEmusM/Various Emulators v0.122 (Fully-merged SuperSet Supplements) (cm).zip</url>
		<file>M1 v0.7.8a5 (Fully-merged SuperSet Supplement).dat</file>
	</datfile>
	<datfile>
		<name>Nebula Jukebox (Fully-merged SuperSet Supplement)</name>
		<description>Nebula Jukebox v2.9 (Fully-merged SuperSet Supplement)</description>
		<version>20080102</version>
		<author>Logiqx, http://www.logiqx.com/</author>
		<comment></comment>
		<url>www.logiqx.com/Dats/MAMESuperSetEmusM/Various Emulators v0.122 (Fully-merged SuperSet Supplements) (cm).zip</url>
		<file>Nebula Jukebox v2.9 (Fully-merged SuperSet Supplement).dat</file>
	</datfile>
	<datfile>
		<name>Nebula Model 2 (Fully-merged SuperSet Supplement)</name>
		<description>Nebula Model 2 v0.9b (Fully-merged SuperSet Supplement)</description>
		<version>20080102</version>
		<author>Logiqx, http://www.logiqx.com/</author>
		<comment></comment>
		<url>www.logiqx.com/Dats/MAMESuperSetEmusM/Various Emulators v0.122 (Fully-merged SuperSet Supplements) (cm).zip</url>
		<file>Nebula Model 2 v0.9b (Fully-merged SuperSet Supplement).dat</file>
	</datfile>
	<datfile>
		<name>Nebula (Fully-merged SuperSet Supplement)</name>
		<description>Nebula v2.25b (Fully-merged SuperSet Supplement)</description>
		<version>20080102</version>
		<author>Logiqx, http://www.logiqx.com/</author>
		<comment></comment>
		<url>www.logiqx.com/Dats/MAMESuperSetEmusM/Various Emulators v0.122 (Fully-merged SuperSet Supplements) (cm).zip</url>
		<file>Nebula v2.25b (Fully-merged SuperSet Supplement).dat</file>
	</datfile>
	<datfile>
		<name>RAINE (Fully-merged SuperSet Supplement)</name>
		<description>RAINE v0.50.5 (Fully-merged SuperSet Supplement)</description>
		<version>20080102</version>
		<author>Logiqx, http://www.logiqx.com/</author>
		<comment></comment>
		<url>www.logiqx.com/Dats/MAMESuperSetEmusM/Various Emulators v0.122 (Fully-merged SuperSet Supplements) (cm).zip</url>
		<file>RAINE v0.50.5 (Fully-merged SuperSet Supplement).dat</file>
	</datfile>
	<datfile>
		<name>SEGA Model 2 Emulator (Fully-merged SuperSet Supplement)</name>
		<description>SEGA Model 2 Emulator v0.6 (Fully-merged SuperSet Supplement)</description>
		<version>20080103</version>
		<author>Logiqx, http://www.logiqx.com/</author>
		<comment></comment>
		<url>www.logiqx.com/Dats/MAMESuperSetEmusM/Various Emulators v0.122 (Fully-merged SuperSet Supplements) (cm).zip</url>
		<file>SEGA Model 2 Emulator v0.6 (Fully-merged SuperSet Supplement).dat</file>
	</datfile>
	<datfile>
		<name>WinKawaks (Fully-merged SuperSet Supplement)</name>
		<description>WinKawaks v1.59 (Fully-merged SuperSet Supplement)</description>
		<version>20080102</version>
		<author>Logiqx, http://www.logiqx.com/</author>
		<comment></comment>
		<url>www.logiqx.com/Dats/MAMESuperSetEmusM/Various Emulators v0.122 (Fully-merged SuperSet Supplements) (cm).zip</url>
		<file>WinKawaks v1.59 (Fully-merged SuperSet Supplement).dat</file>
	</datfile>
	<datfile>
		<name>Capcom Play System 3 Emulator (Split-merged SuperSet Supplement)</name>
		<description>Capcom Play System 3 Emulator v1.0 (Split-merged SuperSet Supplement)</description>
		<version>20080101</version>
		<author>Logiqx, http://www.logiqx.com/</author>
		<comment></comment>
		<url>www.logiqx.com/Dats/MAMESuperSetEmusS/Various Emulators v0.122 (Split-merged SuperSet Supplements) (cm).zip</url>
		<file>Capcom Play System 3 Emulator v1.0 (Split-merged SuperSet Supplement).dat</file>
	</datfile>
	<datfile>
		<name>FBA (Split-merged SuperSet Supplement)</name>
		<description>FBA v0.2.96.72 (Split-merged SuperSet Supplement)</description>
		<version>20080101</version>
		<author>Logiqx, http://www.logiqx.com/</author>
		<comment></comment>
		<url>www.logiqx.com/Dats/MAMESuperSetEmusS/Various Emulators v0.122 (Split-merged SuperSet Supplements) (cm).zip</url>
		<file>FBA v0.2.96.72 (Split-merged SuperSet Supplement).dat</file>
	</datfile>
	<datfile>
		<name>M1 (Split-merged SuperSet Supplement)</name>
		<description>M1 v0.7.8a5 (Split-merged SuperSet Supplement)</description>
		<version>20080102</version>
		<author>Logiqx, http://www.logiqx.com/</author>
		<comment></comment>
		<url>www.logiqx.com/Dats/MAMESuperSetEmusS/Various Emulators v0.122 (Split-merged SuperSet Supplements) (cm).zip</url>
		<file>M1 v0.7.8a5 (Split-merged SuperSet Supplement).dat</file>
	</datfile>
	<datfile>
		<name>Nebula Jukebox (Split-merged SuperSet Supplement)</name>
		<description>Nebula Jukebox v2.9 (Split-merged SuperSet Supplement)</description>
		<version>20080101</version>
		<author>Logiqx, http://www.logiqx.com/</author>
		<comment></comment>
		<url>www.logiqx.com/Dats/MAMESuperSetEmusS/Various Emulators v0.122 (Split-merged SuperSet Supplements) (cm).zip</url>
		<file>Nebula Jukebox v2.9 (Split-merged SuperSet Supplement).dat</file>
	</datfile>
	<datfile>
		<name>Nebula Model 2 (Split-merged SuperSet Supplement)</name>
		<description>Nebula Model 2 v0.9b (Split-merged SuperSet Supplement)</description>
		<version>20080101</version>
		<author>Logiqx, http://www.logiqx.com/</author>
		<comment></comment>
		<url>www.logiqx.com/Dats/MAMESuperSetEmusS/Various Emulators v0.122 (Split-merged SuperSet Supplements) (cm).zip</url>
		<file>Nebula Model 2 v0.9b (Split-merged SuperSet Supplement).dat</file>
	</datfile>
	<datfile>
		<name>Nebula (Split-merged SuperSet Supplement)</name>
		<description>Nebula v2.25b (Split-merged SuperSet Supplement)</description>
		<version>20080101</version>
		<author>Logiqx, http://www.logiqx.com/</author>
		<comment></comment>
		<url>www.logiqx.com/Dats/MAMESuperSetEmusS/Various Emulators v0.122 (Split-merged SuperSet Supplements) (cm).zip</url>
		<file>Nebula v2.25b (Split-merged SuperSet Supplement).dat</file>
	</datfile>
	<datfile>
		<name>RAINE (Split-merged SuperSet Supplement)</name>
		<description>RAINE v0.50.5 (Split-merged SuperSet Supplement)</description>
		<version>20080101</version>
		<author>Logiqx, http://www.logiqx.com/</author>
		<comment></comment>
		<url>www.logiqx.com/Dats/MAMESuperSetEmusS/Various Emulators v0.122 (Split-merged SuperSet Supplements) (cm).zip</url>
		<file>RAINE v0.50.5 (Split-merged SuperSet Supplement).dat</file>
	</datfile>
	<datfile>
		<name>SEGA Model 2 Emulator (Split-merged SuperSet Supplement)</name>
		<description>SEGA Model 2 Emulator v0.6 (Split-merged SuperSet Supplement)</description>
		<version>20080103</version>
		<author>Logiqx, http://www.logiqx.com/</author>
		<comment></comment>
		<url>www.logiqx.com/Dats/MAMESuperSetEmusS/Various Emulators v0.122 (Split-merged SuperSet Supplements) (cm).zip</url>
		<file>SEGA Model 2 Emulator v0.6 (Split-merged SuperSet Supplement).dat</file>
	</datfile>
	<datfile>
		<name>WinKawaks (Split-merged SuperSet Supplement)</name>
		<description>WinKawaks v1.59 (Split-merged SuperSet Supplement)</description>
		<version>20080102</version>
		<author>Logiqx, http://www.logiqx.com/</author>
		<comment></comment>
		<url>www.logiqx.com/Dats/MAMESuperSetEmusS/Various Emulators v0.122 (Split-merged SuperSet Supplements) (cm).zip</url>
		<file>WinKawaks v1.59 (Split-merged SuperSet Supplement).dat</file>
	</datfile>
	<datfile>
		<name>MAME SuperSet (Fully-merged MAME Supplement)</name>
		<description>MAME SuperSet v0.122 (Fully-merged MAME Supplement)</description>
		<version>20080102</version>
		<author>Logiqx, http://www.logiqx.com/</author>
		<comment></comment>
		<url>www.logiqx.com/Dats/MAMESuperSetSuppM/MAME SuperSet v0.122 (Fully-merged MAME Supplement) (cm).zip</url>
		<file>MAME SuperSet v0.122 (Fully-merged MAME Supplement).dat</file>
	</datfile>
	<datfile>
		<name>MAME SuperSet (Split-merged MAME Supplement)</name>
		<description>MAME SuperSet v0.122 (Split-merged MAME Supplement)</description>
		<version>20080101</version>
		<author>Logiqx, http://www.logiqx.com/</author>
		<comment></comment>
		<url>www.logiqx.com/Dats/MAMESuperSetSuppS/MAME SuperSet v0.122 (Split-merged MAME Supplement) (cm).zip</url>
		<file>MAME SuperSet v0.122 (Split-merged MAME Supplement).dat</file>
	</datfile>
</clrmamepro>
