<?xml version="1.0"?>
<clrmamepro>
	<datfile>
		<name>MAME SuperSet</name>
		<description>MAME SuperSet v0.114</description>
		<version>20070403</version>
		<author>Logiqx, http://www.logiqx.com/</author>
		<comment></comment>
		<url>www.logiqx.com/Dats/MAMESuperSet/MAME SuperSet v0.114 (cm).zip</url>
		<file>MAME SuperSet v0.114.dat</file>
	</datfile>
	<datfile>
		<name>FBA (Fully-merged SuperSet Supplement)</name>
		<description>FBA v0.2.96.71 (Fully-merged SuperSet Supplement)</description>
		<version>20070415</version>
		<author>Logiqx, http://www.logiqx.com/</author>
		<comment></comment>
		<url>www.logiqx.com/Dats/MAMESuperSetEmusM/Various Emulators v0.114 (Fully-merged SuperSet Supplements) (cm).zip</url>
		<file>FBA v0.2.96.71 (Fully-merged SuperSet Supplement).dat</file>
	</datfile>
	<datfile>
		<name>M1 (Fully-merged SuperSet Supplement)</name>
		<description>M1 v0.7.7u4 (Fully-merged SuperSet Supplement)</description>
		<version>20070415</version>
		<author>Logiqx, http://www.logiqx.com/</author>
		<comment></comment>
		<url>www.logiqx.com/Dats/MAMESuperSetEmusM/Various Emulators v0.114 (Fully-merged SuperSet Supplements) (cm).zip</url>
		<file>M1 v0.7.7u4 (Fully-merged SuperSet Supplement).dat</file>
	</datfile>
	<datfile>
		<name>Nebula Jukebox (Fully-merged SuperSet Supplement)</name>
		<description>Nebula Jukebox v2.9 (Fully-merged SuperSet Supplement)</description>
		<version>20070403</version>
		<author>Logiqx, http://www.logiqx.com/</author>
		<comment></comment>
		<url>www.logiqx.com/Dats/MAMESuperSetEmusM/Various Emulators v0.114 (Fully-merged SuperSet Supplements) (cm).zip</url>
		<file>Nebula Jukebox v2.9 (Fully-merged SuperSet Supplement).dat</file>
	</datfile>
	<datfile>
		<name>Nebula Model 2 (Fully-merged SuperSet Supplement)</name>
		<description>Nebula Model 2 v0.9b (Fully-merged SuperSet Supplement)</description>
		<version>20070403</version>
		<author>Logiqx, http://www.logiqx.com/</author>
		<comment></comment>
		<url>www.logiqx.com/Dats/MAMESuperSetEmusM/Various Emulators v0.114 (Fully-merged SuperSet Supplements) (cm).zip</url>
		<file>Nebula Model 2 v0.9b (Fully-merged SuperSet Supplement).dat</file>
	</datfile>
	<datfile>
		<name>Nebula (Fully-merged SuperSet Supplement)</name>
		<description>Nebula v2.25b (Fully-merged SuperSet Supplement)</description>
		<version>20070408</version>
		<author>Logiqx, http://www.logiqx.com/</author>
		<comment></comment>
		<url>www.logiqx.com/Dats/MAMESuperSetEmusM/Various Emulators v0.114 (Fully-merged SuperSet Supplements) (cm).zip</url>
		<file>Nebula v2.25b (Fully-merged SuperSet Supplement).dat</file>
	</datfile>
	<datfile>
		<name>RAINE (Fully-merged SuperSet Supplement)</name>
		<description>RAINE v0.50.3 (Fully-merged SuperSet Supplement)</description>
		<version>20070408</version>
		<author>Logiqx, http://www.logiqx.com/</author>
		<comment></comment>
		<url>www.logiqx.com/Dats/MAMESuperSetEmusM/Various Emulators v0.114 (Fully-merged SuperSet Supplements) (cm).zip</url>
		<file>RAINE v0.50.3 (Fully-merged SuperSet Supplement).dat</file>
	</datfile>
	<datfile>
		<name>SEGA Model 2 Emulator (Fully-merged SuperSet Supplement)</name>
		<description>SEGA Model 2 Emulator v0.4 (Fully-merged SuperSet Supplement)</description>
		<version>20070408</version>
		<author>Logiqx, http://www.logiqx.com/</author>
		<comment></comment>
		<url>www.logiqx.com/Dats/MAMESuperSetEmusM/Various Emulators v0.114 (Fully-merged SuperSet Supplements) (cm).zip</url>
		<file>SEGA Model 2 Emulator v0.4 (Fully-merged SuperSet Supplement).dat</file>
	</datfile>
	<datfile>
		<name>WinKawaks (Fully-merged SuperSet Supplement)</name>
		<description>WinKawaks v1.58 (Fully-merged SuperSet Supplement)</description>
		<version>20070420</version>
		<author>Logiqx, http://www.logiqx.com/</author>
		<comment></comment>
		<url>www.logiqx.com/Dats/MAMESuperSetEmusM/Various Emulators v0.114 (Fully-merged SuperSet Supplements) (cm).zip</url>
		<file>WinKawaks v1.58 (Fully-merged SuperSet Supplement).dat</file>
	</datfile>
	<datfile>
		<name>FBA (Split-merged SuperSet Supplement)</name>
		<description>FBA v0.2.96.71 (Split-merged SuperSet Supplement)</description>
		<version>20070415</version>
		<author>Logiqx, http://www.logiqx.com/</author>
		<comment></comment>
		<url>www.logiqx.com/Dats/MAMESuperSetEmusS/Various Emulators v0.114 (Split-merged SuperSet Supplements) (cm).zip</url>
		<file>FBA v0.2.96.71 (Split-merged SuperSet Supplement).dat</file>
	</datfile>
	<datfile>
		<name>M1 (Split-merged SuperSet Supplement)</name>
		<description>M1 v0.7.7u4 (Split-merged SuperSet Supplement)</description>
		<version>20070415</version>
		<author>Logiqx, http://www.logiqx.com/</author>
		<comment></comment>
		<url>www.logiqx.com/Dats/MAMESuperSetEmusS/Various Emulators v0.114 (Split-merged SuperSet Supplements) (cm).zip</url>
		<file>M1 v0.7.7u4 (Split-merged SuperSet Supplement).dat</file>
	</datfile>
	<datfile>
		<name>Nebula Jukebox (Split-merged SuperSet Supplement)</name>
		<description>Nebula Jukebox v2.9 (Split-merged SuperSet Supplement)</description>
		<version>20070403</version>
		<author>Logiqx, http://www.logiqx.com/</author>
		<comment></comment>
		<url>www.logiqx.com/Dats/MAMESuperSetEmusS/Various Emulators v0.114 (Split-merged SuperSet Supplements) (cm).zip</url>
		<file>Nebula Jukebox v2.9 (Split-merged SuperSet Supplement).dat</file>
	</datfile>
	<datfile>
		<name>Nebula Model 2 (Split-merged SuperSet Supplement)</name>
		<description>Nebula Model 2 v0.9b (Split-merged SuperSet Supplement)</description>
		<version>20070403</version>
		<author>Logiqx, http://www.logiqx.com/</author>
		<comment></comment>
		<url>www.logiqx.com/Dats/MAMESuperSetEmusS/Various Emulators v0.114 (Split-merged SuperSet Supplements) (cm).zip</url>
		<file>Nebula Model 2 v0.9b (Split-merged SuperSet Supplement).dat</file>
	</datfile>
	<datfile>
		<name>Nebula (Split-merged SuperSet Supplement)</name>
		<description>Nebula v2.25b (Split-merged SuperSet Supplement)</description>
		<version>20070403</version>
		<author>Logiqx, http://www.logiqx.com/</author>
		<comment></comment>
		<url>www.logiqx.com/Dats/MAMESuperSetEmusS/Various Emulators v0.114 (Split-merged SuperSet Supplements) (cm).zip</url>
		<file>Nebula v2.25b (Split-merged SuperSet Supplement).dat</file>
	</datfile>
	<datfile>
		<name>RAINE (Split-merged SuperSet Supplement)</name>
		<description>RAINE v0.50.3 (Split-merged SuperSet Supplement)</description>
		<version>20070408</version>
		<author>Logiqx, http://www.logiqx.com/</author>
		<comment></comment>
		<url>www.logiqx.com/Dats/MAMESuperSetEmusS/Various Emulators v0.114 (Split-merged SuperSet Supplements) (cm).zip</url>
		<file>RAINE v0.50.3 (Split-merged SuperSet Supplement).dat</file>
	</datfile>
	<datfile>
		<name>SEGA Model 2 Emulator (Split-merged SuperSet Supplement)</name>
		<description>SEGA Model 2 Emulator v0.4 (Split-merged SuperSet Supplement)</description>
		<version>20070408</version>
		<author>Logiqx, http://www.logiqx.com/</author>
		<comment></comment>
		<url>www.logiqx.com/Dats/MAMESuperSetEmusS/Various Emulators v0.114 (Split-merged SuperSet Supplements) (cm).zip</url>
		<file>SEGA Model 2 Emulator v0.4 (Split-merged SuperSet Supplement).dat</file>
	</datfile>
	<datfile>
		<name>WinKawaks (Split-merged SuperSet Supplement)</name>
		<description>WinKawaks v1.58 (Split-merged SuperSet Supplement)</description>
		<version>20070420</version>
		<author>Logiqx, http://www.logiqx.com/</author>
		<comment></comment>
		<url>www.logiqx.com/Dats/MAMESuperSetEmusS/Various Emulators v0.114 (Split-merged SuperSet Supplements) (cm).zip</url>
		<file>WinKawaks v1.58 (Split-merged SuperSet Supplement).dat</file>
	</datfile>
	<datfile>
		<name>MAME SuperSet (Fully-merged MAME Supplement)</name>
		<description>MAME SuperSet v0.114 (Fully-merged MAME Supplement)</description>
		<version>20070403</version>
		<author>Logiqx, http://www.logiqx.com/</author>
		<comment></comment>
		<url>www.logiqx.com/Dats/MAMESuperSetSuppM/MAME SuperSet v0.114 (Fully-merged MAME Supplement) (cm).zip</url>
		<file>MAME SuperSet v0.114 (Fully-merged MAME Supplement).dat</file>
	</datfile>
	<datfile>
		<name>MAME SuperSet (Split-merged MAME Supplement)</name>
		<description>MAME SuperSet v0.114 (Split-merged MAME Supplement)</description>
		<version>20070403</version>
		<author>Logiqx, http://www.logiqx.com/</author>
		<comment></comment>
		<url>www.logiqx.com/Dats/MAMESuperSetSuppS/MAME SuperSet v0.114 (Split-merged MAME Supplement) (cm).zip</url>
		<file>MAME SuperSet v0.114 (Split-merged MAME Supplement).dat</file>
	</datfile>
</clrmamepro>
