<?xml version="1.0"?>
<clrmamepro>
	<datfile>
		<name>MAME</name>
		<description>MAME v0.135</description>
		<version>20091103</version>
		<author>Logiqx</author>
		<comment>Please report any data file issues at http://forum.logiqx.com/</comment>
		<url>www.logiqx.com/Dats/MAMEBeta/MAME v0.135 (xml).zip</url>
		<file>MAME v0.135.dat</file>
	</datfile>
	<datfile>
		<name>MAME SuperSet</name>
		<description>MAME SuperSet v0.135</description>
		<version>20091108</version>
		<author>Logiqx</author>
		<comment>Please report any data file issues at http://forum.logiqx.com/</comment>
		<url>www.logiqx.com/Dats/MAMESuperSet/MAME SuperSet v0.135 (xml).zip</url>
		<file>MAME SuperSet v0.135.dat</file>
	</datfile>
	<datfile>
		<name>Capcom Play System 3 Emulator (Fully-merged SuperSet Supplement)</name>
		<description>Capcom Play System 3 Emulator v1.0a (Fully-merged SuperSet Supplement)</description>
		<version>20091108</version>
		<author>Logiqx</author>
		<comment>Please report any data file issues at http://forum.logiqx.com/</comment>
		<url>www.logiqx.com/Dats/MAMESuperSetEmusM/Various Emulators v0.135 (Fully-merged SuperSet Supplements) (xml).zip</url>
		<file>Capcom Play System 3 Emulator v1.0a (Fully-merged SuperSet Supplement).dat</file>
	</datfile>
	<datfile>
		<name>FBA (Fully-merged SuperSet Supplement)</name>
		<description>FBA v0.2.97.07 (Fully-merged SuperSet Supplement)</description>
		<version>20091108</version>
		<author>Logiqx</author>
		<comment>Please report any data file issues at http://forum.logiqx.com/</comment>
		<url>www.logiqx.com/Dats/MAMESuperSetEmusM/Various Emulators v0.135 (Fully-merged SuperSet Supplements) (xml).zip</url>
		<file>FBA v0.2.97.07 (Fully-merged SuperSet Supplement).dat</file>
	</datfile>
	<datfile>
		<name>M1 (Fully-merged SuperSet Supplement)</name>
		<description>M1 v0.7.8a6 (Fully-merged SuperSet Supplement)</description>
		<version>20091108</version>
		<author>Logiqx</author>
		<comment>Please report any data file issues at http://forum.logiqx.com/</comment>
		<url>www.logiqx.com/Dats/MAMESuperSetEmusM/Various Emulators v0.135 (Fully-merged SuperSet Supplements) (xml).zip</url>
		<file>M1 v0.7.8a6 (Fully-merged SuperSet Supplement).dat</file>
	</datfile>
	<datfile>
		<name>Nebula Jukebox (Fully-merged SuperSet Supplement)</name>
		<description>Nebula Jukebox v2.9 (Fully-merged SuperSet Supplement)</description>
		<version>20091108</version>
		<author>Logiqx</author>
		<comment>Please report any data file issues at http://forum.logiqx.com/</comment>
		<url>www.logiqx.com/Dats/MAMESuperSetEmusM/Various Emulators v0.135 (Fully-merged SuperSet Supplements) (xml).zip</url>
		<file>Nebula Jukebox v2.9 (Fully-merged SuperSet Supplement).dat</file>
	</datfile>
	<datfile>
		<name>Nebula Model 2 (Fully-merged SuperSet Supplement)</name>
		<description>Nebula Model 2 v0.9b (Fully-merged SuperSet Supplement)</description>
		<version>20091108</version>
		<author>Logiqx</author>
		<comment>Please report any data file issues at http://forum.logiqx.com/</comment>
		<url>www.logiqx.com/Dats/MAMESuperSetEmusM/Various Emulators v0.135 (Fully-merged SuperSet Supplements) (xml).zip</url>
		<file>Nebula Model 2 v0.9b (Fully-merged SuperSet Supplement).dat</file>
	</datfile>
	<datfile>
		<name>Nebula (Fully-merged SuperSet Supplement)</name>
		<description>Nebula v2.25b (Fully-merged SuperSet Supplement)</description>
		<version>20091108</version>
		<author>Logiqx</author>
		<comment>Please report any data file issues at http://forum.logiqx.com/</comment>
		<url>www.logiqx.com/Dats/MAMESuperSetEmusM/Various Emulators v0.135 (Fully-merged SuperSet Supplements) (xml).zip</url>
		<file>Nebula v2.25b (Fully-merged SuperSet Supplement).dat</file>
	</datfile>
	<datfile>
		<name>RAINE (Fully-merged SuperSet Supplement)</name>
		<description>RAINE v0.51.0 (Fully-merged SuperSet Supplement)</description>
		<version>20091108</version>
		<author>Logiqx</author>
		<comment>Please report any data file issues at http://forum.logiqx.com/</comment>
		<url>www.logiqx.com/Dats/MAMESuperSetEmusM/Various Emulators v0.135 (Fully-merged SuperSet Supplements) (xml).zip</url>
		<file>RAINE v0.51.0 (Fully-merged SuperSet Supplement).dat</file>
	</datfile>
	<datfile>
		<name>SEGA Model 2 Emulator (Fully-merged SuperSet Supplement)</name>
		<description>SEGA Model 2 Emulator v0.9 (Fully-merged SuperSet Supplement)</description>
		<version>20091108</version>
		<author>Logiqx</author>
		<comment>Please report any data file issues at http://forum.logiqx.com/</comment>
		<url>www.logiqx.com/Dats/MAMESuperSetEmusM/Various Emulators v0.135 (Fully-merged SuperSet Supplements) (xml).zip</url>
		<file>SEGA Model 2 Emulator v0.9 (Fully-merged SuperSet Supplement).dat</file>
	</datfile>
	<datfile>
		<name>WinKawaks (Fully-merged SuperSet Supplement)</name>
		<description>WinKawaks v1.60 (Fully-merged SuperSet Supplement)</description>
		<version>20091108</version>
		<author>Logiqx</author>
		<comment>Please report any data file issues at http://forum.logiqx.com/</comment>
		<url>www.logiqx.com/Dats/MAMESuperSetEmusM/Various Emulators v0.135 (Fully-merged SuperSet Supplements) (xml).zip</url>
		<file>WinKawaks v1.60 (Fully-merged SuperSet Supplement).dat</file>
	</datfile>
	<datfile>
		<name>Capcom Play System 3 Emulator (Split-merged SuperSet Supplement)</name>
		<description>Capcom Play System 3 Emulator v1.0a (Split-merged SuperSet Supplement)</description>
		<version>20091108</version>
		<author>Logiqx</author>
		<comment>Please report any data file issues at http://forum.logiqx.com/</comment>
		<url>www.logiqx.com/Dats/MAMESuperSetEmusS/Various Emulators v0.135 (Split-merged SuperSet Supplements) (xml).zip</url>
		<file>Capcom Play System 3 Emulator v1.0a (Split-merged SuperSet Supplement).dat</file>
	</datfile>
	<datfile>
		<name>FBA (Split-merged SuperSet Supplement)</name>
		<description>FBA v0.2.97.07 (Split-merged SuperSet Supplement)</description>
		<version>20091108</version>
		<author>Logiqx</author>
		<comment>Please report any data file issues at http://forum.logiqx.com/</comment>
		<url>www.logiqx.com/Dats/MAMESuperSetEmusS/Various Emulators v0.135 (Split-merged SuperSet Supplements) (xml).zip</url>
		<file>FBA v0.2.97.07 (Split-merged SuperSet Supplement).dat</file>
	</datfile>
	<datfile>
		<name>M1 (Split-merged SuperSet Supplement)</name>
		<description>M1 v0.7.8a6 (Split-merged SuperSet Supplement)</description>
		<version>20091108</version>
		<author>Logiqx</author>
		<comment>Please report any data file issues at http://forum.logiqx.com/</comment>
		<url>www.logiqx.com/Dats/MAMESuperSetEmusS/Various Emulators v0.135 (Split-merged SuperSet Supplements) (xml).zip</url>
		<file>M1 v0.7.8a6 (Split-merged SuperSet Supplement).dat</file>
	</datfile>
	<datfile>
		<name>Nebula Jukebox (Split-merged SuperSet Supplement)</name>
		<description>Nebula Jukebox v2.9 (Split-merged SuperSet Supplement)</description>
		<version>20091108</version>
		<author>Logiqx</author>
		<comment>Please report any data file issues at http://forum.logiqx.com/</comment>
		<url>www.logiqx.com/Dats/MAMESuperSetEmusS/Various Emulators v0.135 (Split-merged SuperSet Supplements) (xml).zip</url>
		<file>Nebula Jukebox v2.9 (Split-merged SuperSet Supplement).dat</file>
	</datfile>
	<datfile>
		<name>Nebula Model 2 (Split-merged SuperSet Supplement)</name>
		<description>Nebula Model 2 v0.9b (Split-merged SuperSet Supplement)</description>
		<version>20091108</version>
		<author>Logiqx</author>
		<comment>Please report any data file issues at http://forum.logiqx.com/</comment>
		<url>www.logiqx.com/Dats/MAMESuperSetEmusS/Various Emulators v0.135 (Split-merged SuperSet Supplements) (xml).zip</url>
		<file>Nebula Model 2 v0.9b (Split-merged SuperSet Supplement).dat</file>
	</datfile>
	<datfile>
		<name>Nebula (Split-merged SuperSet Supplement)</name>
		<description>Nebula v2.25b (Split-merged SuperSet Supplement)</description>
		<version>20091108</version>
		<author>Logiqx</author>
		<comment>Please report any data file issues at http://forum.logiqx.com/</comment>
		<url>www.logiqx.com/Dats/MAMESuperSetEmusS/Various Emulators v0.135 (Split-merged SuperSet Supplements) (xml).zip</url>
		<file>Nebula v2.25b (Split-merged SuperSet Supplement).dat</file>
	</datfile>
	<datfile>
		<name>RAINE (Split-merged SuperSet Supplement)</name>
		<description>RAINE v0.51.0 (Split-merged SuperSet Supplement)</description>
		<version>20091108</version>
		<author>Logiqx</author>
		<comment>Please report any data file issues at http://forum.logiqx.com/</comment>
		<url>www.logiqx.com/Dats/MAMESuperSetEmusS/Various Emulators v0.135 (Split-merged SuperSet Supplements) (xml).zip</url>
		<file>RAINE v0.51.0 (Split-merged SuperSet Supplement).dat</file>
	</datfile>
	<datfile>
		<name>SEGA Model 2 Emulator (Split-merged SuperSet Supplement)</name>
		<description>SEGA Model 2 Emulator v0.9 (Split-merged SuperSet Supplement)</description>
		<version>20091108</version>
		<author>Logiqx</author>
		<comment>Please report any data file issues at http://forum.logiqx.com/</comment>
		<url>www.logiqx.com/Dats/MAMESuperSetEmusS/Various Emulators v0.135 (Split-merged SuperSet Supplements) (xml).zip</url>
		<file>SEGA Model 2 Emulator v0.9 (Split-merged SuperSet Supplement).dat</file>
	</datfile>
	<datfile>
		<name>WinKawaks (Split-merged SuperSet Supplement)</name>
		<description>WinKawaks v1.60 (Split-merged SuperSet Supplement)</description>
		<version>20091108</version>
		<author>Logiqx</author>
		<comment>Please report any data file issues at http://forum.logiqx.com/</comment>
		<url>www.logiqx.com/Dats/MAMESuperSetEmusS/Various Emulators v0.135 (Split-merged SuperSet Supplements) (xml).zip</url>
		<file>WinKawaks v1.60 (Split-merged SuperSet Supplement).dat</file>
	</datfile>
	<datfile>
		<name>MAME SuperSet (Fully-merged MAME Supplement)</name>
		<description>MAME SuperSet v0.135 (Fully-merged MAME Supplement)</description>
		<version>20091108</version>
		<author>Logiqx</author>
		<comment>Please report any data file issues at http://forum.logiqx.com/</comment>
		<url>www.logiqx.com/Dats/MAMESuperSetSuppM/MAME SuperSet v0.135 (Fully-merged MAME Supplement) (xml).zip</url>
		<file>MAME SuperSet v0.135 (Fully-merged MAME Supplement).dat</file>
	</datfile>
	<datfile>
		<name>MAME SuperSet (Split-merged MAME Supplement)</name>
		<description>MAME SuperSet v0.135 (Split-merged MAME Supplement)</description>
		<version>20091108</version>
		<author>Logiqx</author>
		<comment>Please report any data file issues at http://forum.logiqx.com/</comment>
		<url>www.logiqx.com/Dats/MAMESuperSetSuppS/MAME SuperSet v0.135 (Split-merged MAME Supplement) (xml).zip</url>
		<file>MAME SuperSet v0.135 (Split-merged MAME Supplement).dat</file>
	</datfile>
</clrmamepro>
