<emulator id="MESS">
	<img src="MESS.gif" width="76" height="40"/>
	<name>MESS</name>
	<version>v0.36</version>
	<suitability></suitability>
	<status></status>
	<date>23/05/2000</date>
	<games>115</games>

	<comment>
		<p>Both dats were generated using DatUtil (with sorting switched on) and are intended for:</p>
		<ul>
			<li><p>Users of MESS32 (where listinfo is not available)</p></li>
			<li><p>CMPro users of MESS (if they haven't compiled in my sample fix)</p></li>
			<li><p>Anyone who uses RomCenter (you <u>must</u> use this dat for correct behaviour)</p></li>
		</ul>
	</comment>

	<dats>
		<dat>
			&CMPro;
			<file name="mess36.zip" size="5"/>
		</dat>

		<dat>
			&ROMCenter;
			<file name="mess%2036.zip" size="6"/>
		</dat>
	</dats>

	<revisions>
		<revision>
			<date>23 May 2000</date>
			<comment>Added v0.36 dats for CMPro and RomCenter.</comment>
		</revision>
	</revisions>
</emulator>
