<emulator id="FinalBurn">
	<img src="FinalBurn.gif" width="120" height="40"/>
	<name>Final Burn</name>
	<version>v0.517</version>
	<suitability></suitability>
	<status></status>
	<date>08/05/2002</date>
	<games>57</games>
	<author href="http://www.logiqx.com">Logiqx</author>

	<dats>
		<dat>
			&CMPro;
			<file name="Final%20Burn%20v0.517%20(cm).zip" size="42"/>
		</dat>

		<dat>
			&ROMCenter;
			<file name="Final%20Burn%20v0.517%20(rc).zip" size="43"/>
		</dat>
	</dats>

	<revisions>
		<revision>
			<date>8 May 2002</date>
			<comment>Renamed aburner1 to aburner. Changed dstlk and vsav to Euro versions.</comment>
		</revision>

		<revision>
			<date>5 May 2002</date>
			<comment>Final Burn v0.517.</comment>
		</revision>

		<revision>
			<date>2 May 2002</date>
			<comment>Final Burn v0.515.</comment>
		</revision>

		<revision>
			<date>27 August 2001</date>
			<comment>Final Burn v0.123.</comment>
		</revision>

		<revision>
			<date>29 March 2001</date>
			<comment>Final Burn v0.113. Added X-Men Vs Street Fighter.</comment>
		</revision>

		<revision>
			<date>18 March 2001</date>
			<comment>Final Burn v0.112. Added Cyberbots.</comment>
		</revision>

		<revision>
			<date>9 March 2001</date>
			<comment>Final Burn v0.111. Added 19xx.</comment>
		</revision>

		<revision>
			<date>4 March 2001</date>
			<comment>Final Burn v0.110. Added Quiz Nanairo Dreams.</comment>
		</revision>

		<revision>
			<date>3 March 2001</date>
			<comment>Final Burn v0.109. Added Ring of Destruction: Slammasters II.</comment>
		</revision>

		<revision>
			<date>27 February 2001</date>
			<comment>Released dats for Final Burn v0.108 (X-Men Jap added back in).</comment>
		</revision>

		<revision>
			<date>26 February 2001</date>
			<comment>Released dats for Final Burn v0.107 (X-Men USA and Street Fighter 2 added, Jap X-Men removed).</comment>
		</revision>

		<revision>
			<date>25 February 2001</date>
			<comment>Released dats for Final Burn v0.106 (Final Fight added).</comment>
		</revision>

		<revision>
			<date>21 February 2001</date>
			<comment>Released dats for Final Burn v0.103 (Super Street Fighter 2 Turbo added).</comment>
		</revision>

		<revision>
			<date>19 February 2001</date>
			<comment>Released dats for Final Burn v0.102 (Street Fighter Alpha 2 added).</comment>
		</revision>

		<revision>
			<date>17 February 2001</date>
			<comment>Released dats for Final Burn v0.101 (Alien vs Predator added and ROM reorganisations).</comment>
		</revision>

		<revision>
			<date>16 February 2001</date>
			<comment>Released dats for Final Burn v0.100 (Marvel Super Heroes and Super Street Fighter 2 added).</comment>
		</revision>

		<revision>
			<date>4 February 2001</date>
			<comment>Released dats for Final Burn v0.096 (another X-Men added).</comment>
		</revision>

		<revision>
			<date>2 February 2001</date>
			<comment>Released dats for Final Burn v0.092 (Dungeons and Dragons added).</comment>
		</revision>

		<revision>
			<date>1 February 2001</date>
			<comment>Released dats for Final Burn v0.090 (X-Men: Children of the Atom added as well as CPS-1 sound).</comment>
		</revision>

		<revision>
			<date>28 January 2001</date>
			<comment>Released dats for Final Burn v0.085 (Megaman, Rockman and Ghouls'n Ghosts added).</comment>
		</revision>

		<revision>
			<date>26 January 2001</date>
			<comment>Released dats for Final Burn v0.080 (Vampire Japan added).</comment>
		</revision>

		<revision>
			<date>21 January 2001</date>
			<comment>Released dats for Final Burn v0.077 (Vampire Savior Japan added).</comment>
		</revision>

		<revision>
			<date>19 January 2001</date>
			<comment>Released dats for Final Burn v0.076 (Street Fighter Alpha added).</comment>
		</revision>

		<revision>
			<date>10 January 2001</date>
			<comment>Released dats for Final Burn v0.069 (masks changed).</comment>
		</revision>

		<revision>
			<date>5 January 2001</date>
			<comment>Released dats for Final Burn v0.063 (QSound added).</comment>
		</revision>

		<revision>
			<date>4 January 2001</date>
			<comment>Released dats for Final Burn v0.061 (Street Fighter games added).</comment>
		</revision>

		<revision>
			<date>20 October 2000</date>
			<comment>Released dats for Final Burn v0.050 (thanks to Roman for updating them in my absence).</comment>
		</revision>

		<revision>
			<date>7 September 2000</date>
			<comment>Released dats for Final Burn v0.011.</comment>
		</revision>

		<revision>
			<date>4 September 2000</date>
			<comment>Released dats for Final Burn v0.008.</comment>
		</revision>

		<revision>
			<date>3 September 2000</date>
			<comment>Released dats for Final Burn v0.007.</comment>
		</revision>
	</revisions>
</emulator>
