<emulator id="VAntAGE">
	<img src="VAntAGE.gif" width="115" height="40"/>
	<name>VAntAGE</name>
	<version>v1.11</version>
	<suitability></suitability>
	<status></status>
	<date>13/08/2001</date>
	<games>80</games>
	<author href="http://www.logiqx.com">Logiqx</author>

	<comment><p>All of which can be built from MAME sets.</p></comment>

	<dats>
		<dat>
			&CMPro;
			<file name="vant111.zip" size="12"/>
		</dat>

		<dat>
			&ROMCenter;
			<file name="VAntAGE%20v1.11.zip" size="12"/>
		</dat>
	</dats>

	<revisions>
		<revision>
			<date>13 August 2001</date>
			<comment>Chnaged Donkey Kong PROMs to match MAME v0.53.</comment>
		</revision>

		<revision>
			<date>26 February 2001</date>
			<comment>Released CMPro and RomCenter dats for VAnTAGE v1.11.</comment>
		</revision>

		<revision>
			<date>6 February 2001</date>
			<comment>Released CMPro and RomCenter dats for VAnTAGE v1.1.</comment>
		</revision>

		<revision>
			<date>26 May 2000</date>
			<comment>Logiqx released CMPro and RomCenter dats.</comment>
		</revision>
	</revisions>
</emulator>
