<emulator id="YAAME">
	<img src="YAAME.gif" width="95" height="40"/>
	<name>YAAME</name>
	<version>v0.2</version>
	<suitability></suitability>
	<status></status>
	<date>04/02/2002</date>
	<games>19</games>
	<author href="http://www.logiqx.com">Logiqx</author>

	<comment><p>Old Classics</p></comment>

	<dats>
		<dat>
			&CMPro;
			<file name="yaame02.zip" size="3"/>
		</dat>

		<dat>
			&ROMCenter;
			<file name="YAAME%20v0.2.zip" size="3"/>
		</dat>
	</dats>

	<revisions>
		<revision>
			<date>4 February 2002</date>
			<comment>Created for YAAME v0.2.</comment>
		</revision>
	</revisions>
</emulator>
