<emulator id="MAMEArtwork">
	<img src="MAMEArtwork.gif" width="176" height="40"/>
	<name>MAME Artwork</name>
	<version>20020207</version>
	<suitability></suitability>
	<status></status>
	<date>07/02/2002</date>
	<games>12</games>
	<author href="mailto:rob@logiqx.com">Rob</author>

	<comment><p>Created and maintained by Rob (<a href="mailto:rob@logiqx.com">rob@logiqx.com</a>).</p></comment>

	<dats>
		<dat>
			&CMPro;
			<file name="mart20020207.zip" size="1"/>
		</dat>

		<dat>
			&ROMCenter;
			<file name="MAME%20Artwork%2020020207.zip" size="1"/>
		</dat>
	</dats>

	<revisions>
		<revision>
			<date>7 February 2002</date>
			<comment>Rob submitted his dat, containing proper game titles.</comment>
		</revision>

		<revision>
			<date>6 February 2002</date>
			<comment>Added Boothill artwork (update by Roman).</comment>
		</revision>

		<revision>
			<date>4 November 2001</date>
			<comment>Added Demon artwork.</comment>
		</revision>

		<revision>
			<date>26 August 2001</date>
			<comment>Updated Discs of Tron artwork (again).</comment>
		</revision>

		<revision>
			<date>25 August 2001</date>
			<comment>Updated Discs of Tron artwork (MAME 0.54).</comment>
		</revision>

		<revision>
			<date>3 May 2001</date>
			<comment>Minor fix for Lunar Lander (rev 1).</comment>
		</revision>

		<revision>
			<date>1 May 2001</date>
			<comment>First release.</comment>
		</revision>
	</revisions>
</emulator>
