<emulator id="MAMEMarquees">
	<img src="MAMEMarquees.gif" width="203" height="40"/>
	<name>MAME Marquees</name>
	<version>20011115</version>
	<suitability></suitability>
	<status></status>
	<date>15/11/2001</date>
	<games>1184</games>
	<author>Eldio</author>

	<comment><p>Created and maintained by Eldio.</p></comment>

	<dats>
		<dat>
			&CMPro;
			<file name="mmrq1115.zip" size="18"/>
		</dat>

		<dat>
			&ROMCenter;
			<file name="MAME%20Marquees%2020011115.zip" size="18"/>
		</dat>
	</dats>

	<revisions>
		<revision>
			<date>15 November 2001</date>
			<comment>Eldio updated for Marquee pack 15 / MAME v0.56.</comment>
		</revision>
		<revision>
			<date>5 November 2001</date>
			<comment>Eldio updated for MAME v0.56.</comment>
		</revision>
		<revision>
			<date>24 October 2001</date>
			<comment>Eldio updated for Marquee Packs 12, 13 and 14 / MAME v0.55.</comment>
		</revision>
		<revision>
			<date>2 October 2001</date>
			<comment>Eldio updated for new Marquee Pack 11 / MAME v0.55.</comment>
		</revision>
		<revision>
			<date>27 September 2001</date>
			<comment>Eldio updated for new Marquee Packs 08, 09 and 10 / MAME v0.55.</comment>
		</revision>
		<revision>
			<date>19 September 2001</date>
			<comment>Eldio updated for new Mame release / MAME v0.55.</comment>
		</revision>

		<revision>
			<date>7 September 2001</date>
			<comment>Eldio updated for Marquee Pack 07 / MAME v0.54.</comment>
		</revision>

		<revision>
			<date>31 August 2001</date>
			<comment>Eldio updated for Marquee Pack 06 / MAME v0.54.</comment>
		</revision>

		<revision>
			<date>28 August 2001</date>
			<comment>Eldio updated for new Marquee Packs / MAME v0.54.</comment>
		</revision>

		<revision>
			<date>7 July 2001</date>
			<comment>Dare updated for Marquee Pack 06.</comment>
		</revision>

		<revision>
			<date>24 April 2001</date>
			<comment>First release by Dare.</comment>
		</revision>
	</revisions>
</emulator>
