<emulator id="CottAGE">
	<img src="CottAGE.gif" width="106" height="40"/>
	<name>CottAGE</name>
	<version>v0.03</version>
	<suitability></suitability>
	<status></status>
	<date>03/06/2002</date>
	<games>27</games>
	<author href="http://www.logiqx.com">Logiqx</author>

	<comment><p>CottAGE emulates Z80, 8080 and 6809 based classics.</p></comment>

	<dats>
		<dat>
			&CMPro;
			<file name="CottAGE%20v0.03%20(cm).zip" size="4"/>
		</dat>

		<dat>
			&ROMCenter;
			<file name="CottAGE%20v0.03%20(rc).zip" size="4"/>
		</dat>
	</dats>

	<revisions>
		<revision>
			<date>3 June 2002</date>
			<comment>Initial release for CottAGE v0.03.</comment>
		</revision>
	</revisions>
</emulator>
