<emulator id="RAINE">
	<img src="RAINE.gif" width="82" height="40"/>
	<name>RAINE</name>
	<version>v0.35b</version>
	<suitability></suitability>
	<status></status>
	<date>02/06/2002</date>
	<games>401</games>
	<author href="http://www.logiqx.com">Logiqx</author>

	<comment>
		<p>These dats were generated by RAINE and cleaned up with DatUtil.</p>
	</comment>

	<dats>
		<dat>
			&CMPro;
			<file name="RAINE%20v0.35b%20(cm).zip" size="89"/>
		</dat>
		<dat>
			&ROMCenter;
			<file name="RAINE%20v0.35b%20(rc).zip" size="90"/>
		</dat>
	</dats>

	<revisions>
		<revision>
			<date>2 June 2002</date>
			<comment>Updated for RAINE v0.35b.</comment>
		</revision>
		
		<revision>
			<date>3 May 2002</date>
			<comment>Updated supplementary dats for MAME v0.60.</comment>
		</revision>
		
		<revision>
			<date>23 March 2002</date>
			<comment>Updated supplementary dats for MAME v0.59.</comment>
		</revision>
		
		<revision>
			<date>15 March 2002</date>
			<comment>Added MAME Supplementary dats.</comment>
		</revision>
		
		<revision>
			<date>26 February 2002</date>
			<comment>Updated for RAINE v0.35.</comment>
		</revision>

		<revision>
			<date>18 November 2001</date>
			<comment>Added acrobatm, agallet, blkheart, blkhearj, macross2 for RAINE v0.34b.</comment>
		</revision>

		<revision>
			<date>21 October 2001</date>
			<comment>Corrected sailormo program CRC (it is incorrectly defined in RAINE).</comment>
		</revision>

		<revision>
			<date>10 October 2001</date>
			<comment>Released v0.34 dats for RomCenter and CMPro.</comment>
		</revision>

		<revision>
			<date>7 September 2001</date>
			<comment>Released v0.33 dats for RomCenter and CMPro.</comment>
		</revision>

		<revision>
			<date>13 July 2001</date>
			<comment>Released v0.32a dats for RomCenter and CMPro.</comment>
		</revision>

		<revision>
			<date>23 June 2001</date>
			<comment>Released v0.32 dats for RomCenter and CMPro.</comment>
		</revision>

		<revision>
			<date>12 April 2001</date>
			<comment>Released v0.31 dats for RomCenter and CMPro.</comment>
		</revision>

		<revision>
			<date>11 February 2001</date>
			<comment>Released v0.30a dats for RomCenter and CMPro.</comment>
		</revision>

		<revision>
			<date>1 February 2001</date>
			<comment>Released v0.30 dats for RomCenter and CMPro.</comment>
		</revision>

		<revision>
			<date>20 August 2000</date>
			<comment>Added 20000819 dat for RomCenter.</comment>
		</revision>

		<revision>
			<date>15 August 2000</date>
			<comment>Added 20000809 dat for RomCenter.</comment>
		</revision>

		<revision>
			<date>25 July 2000</date>
			<comment>Added 20000725 dat for RomCenter.</comment>
		</revision>

		<revision>
			<date>6 June 2000</date>
			<comment>Added v0.28h dat for RomCenter.</comment>
		</revision>

		<revision>
			<date>23 May 2000</date>
			<comment>Added v0.28f and v0.28g dats for RomCenter.</comment>
		</revision>
	</revisions>
</emulator>
