<emulator id="NeoRAGExSupp">
	<img src="NeoRAGExSupp.gif" width="37" height="40"/>
	<name>NeoRAGEx Supplement (recent games)</name>
	<version>20020512</version>
	<suitability></suitability>
	<status>Updated</status>
	<date>12/05/2002</date>
	<games>55</games>
	<author href="mailto:flycboy@hotmail.com">Mr Flycboy</author>

	<comment></comment>

	<dats>
		<dat>
			&ROMCenter;
			<file name="NeoRAGEx%20v0.6b%20Supplement.zip" size="3"/>
		</dat>

		<dat>
			&ROMCenter;
			<file name="NeoRAGEx%20v0.6b%20Supplement.zip" size="3"/>
		</dat>
	</dats>

	<revisions>
		<revision>
			<date>20 May 2002</date>
			<comment>Released version 20020512.</comment>
		</revision>

		<revision>
			<date>15 February 2002</date>
			<comment>First release.</comment>
		</revision>
	</revisions>
</emulator>
