<emulator id="Callus95">
	<img src="Callus95.gif" width="106" height="40"/>
	<name>Callus95</name>
	<version>v0.42 patch 2.4</version>
	<suitability></suitability>
	<status></status>
	<date>08/12/2000</date>
	<games>86</games>

	<comment><p>84 games can be built from the latest MAME ROM sets (Street Fighter Zero is not in MAME anymore and the QSound ROMs aren't in MAME either).</p><p>The Big Bird (QSound) ROMs come from ssf2 for the CPS2.</p></comment>

	<dats>
		<dat>
			&CMPro;
			<file name="cls95p24.zip" size="29"/>
		</dat>

		<dat>
			&ROMCenter;
			<file name="callus%20v0.42%20patch%202.4.zip" size="34"/>
		</dat>
	</dats>

	<revisions>
		<revision>
			<date>08 December 2000</date>
			<comment>Fixed incorrect gfx ROMs in mbomberj (mb_gfx02.rom, mb_gfx04.rom) of the 'merged' dat.</comment>
		</revision>

		<revision>
			<date>21 November 2000</date>
			<comment>Released dats for Callus v0.42 patch 2.4.</comment>
		</revision>

		<revision>
			<date>23 June 2000</date>
			<comment>Released dats for Callus v0.42 patch 2.2.</comment>
		</revision>

		<revision>
			<date>12 June 2000</date>
			<comment>Added updated versions of Pi's notes to the archives (no changes to the dats themselves).</comment>
		</revision>

		<revision>
			<date>8 June 2000</date>
			<comment>Released dats for Callus v0.42 patch 2.1 (standard one plus the two space-saving variants).<br/>
			Also changed the archiving dat to be consistent with the other two.</comment>
		</revision>

		<revision>
			<date>6 June 2000</date>
			<comment>Released first public version of 'merged' dats created by Pi (v1.1).</comment>
		</revision>

		<revision>
			<date>30 May 2000</date>
			<comment>Updated both dats to Callus95 Patch 2.</comment>
		</revision>

		<revision>
			<date>3 May 2000</date>
			<comment>CMPro dat: Logiqx added new 'forcemerge' tag.</comment>
		</revision>

		<revision>
			<date>11 March 2000</date>
			<comment>RomCenter dat released by Logiqx (matches CMPro dat).</comment>
		</revision>

		<revision>
			<date>10 March 2000</date>
			<comment>CMPro dat released by Logiqx (75 games).</comment>
		</revision>
	</revisions>
</emulator>
