<emulator id="VivaNonno">
	<img src="VivaNonno.gif" width="139" height="40"/>
	<name>Viva Nonno</name>
	<version>v22.0.3</version>
	<suitability></suitability>
	<status>New</status>
	<date>18/09/2002</date>
	<games>6</games>
	<author href="http://www.logiqx.com">Logiqx</author>

	<comment><p>Emulates Namco System 22 based games</p></comment>

	<dats>
		<dat>
			&CMPro;
			<file name="Viva%20Nonno%20v22.0.3%20(cm).zip" size="2"/>
		</dat>

		<dat>
			&ROMCenter;
			<file name="Viva%20Nonno%20v22.0.3%20(rc).zip" size="2"/>
		</dat>
	</dats>

	<revisions>
		<revision>
			<date>18 September 2002</date>
			<comment>Uploaded data files for Viva Nonno v22.0.3.</comment>
		</revision>
	</revisions>
</emulator>
