<?xml version="1.0"?>
<clrmamepro>
	<datfile>
		<name>ACE</name>
		<description>ACE v1.9</description>
		<version>20080401</version>
		<author>Logiqx</author>
		<comment>Please report any data file issues at http://forum.logiqx.com/</comment>
		<url>www.logiqx.com/Dats/OlderEmus/Older Emus 20080401 (cm).zip</url>
		<file>Multi\ACE v1.9.dat</file>
	</datfile>
	<datfile>
		<name>Arcade Emulator</name>
		<description>Arcade Emulator v0.7</description>
		<version>20040709</version>
		<author>Logiqx</author>
		<comment>Please report any data file issues at http://forum.logiqx.com/</comment>
		<url>www.logiqx.com/Dats/OlderEmus/Older Emus 20080401 (cm).zip</url>
		<file>Multi\Arcade Emulator v0.7.dat</file>
	</datfile>
	<datfile>
		<name>AstDxGL</name>
		<description>AstDxGL v0.9</description>
		<version>20080401</version>
		<author>Logiqx</author>
		<comment>Please report any data file issues at http://forum.logiqx.com/</comment>
		<url>www.logiqx.com/Dats/OlderEmus/Older Emus 20080401 (cm).zip</url>
		<file>Multi\AstDxGL v0.9.dat</file>
	</datfile>
	<datfile>
		<name>CAGE</name>
		<description>CAGE v1.07</description>
		<version>20040709</version>
		<author>Logiqx</author>
		<comment>Please report any data file issues at http://forum.logiqx.com/</comment>
		<url>www.logiqx.com/Dats/OlderEmus/Older Emus 20080401 (cm).zip</url>
		<file>Multi\CAGE v1.07.dat</file>
	</datfile>
	<datfile>
		<name>Calice</name>
		<description>Calice v0.6.6</description>
		<version>20080401</version>
		<author>Logiqx</author>
		<comment>Please report any data file issues at http://forum.logiqx.com/</comment>
		<url>www.logiqx.com/Dats/OlderEmus/Older Emus 20080401 (cm).zip</url>
		<file>Multi\Calice v0.6.6.dat</file>
	</datfile>
	<datfile>
		<name>Callus</name>
		<description>Callus v0.42</description>
		<version>20040709</version>
		<author>Logiqx</author>
		<comment>Please report any data file issues at http://forum.logiqx.com/</comment>
		<url>www.logiqx.com/Dats/OlderEmus/Older Emus 20080401 (cm).zip</url>
		<file>Multi\Callus v0.42.dat</file>
	</datfile>
	<datfile>
		<name>Callus+Callus95</name>
		<description>Callus v0.42 + patch 2.4 (playable)</description>
		<version>20040709</version>
		<author>Logiqx</author>
		<comment>Please report any data file issues at http://forum.logiqx.com/</comment>
		<url>www.logiqx.com/Dats/OlderEmus/Older Emus 20080401 (cm).zip</url>
		<file>Multi\Callus95 v0.42 + patch 2.4 (playable).dat</file>
	</datfile>
	<datfile>
		<name>Callus95</name>
		<description>Callus v0.42 patch 2.4</description>
		<version>20040709</version>
		<author>Logiqx</author>
		<comment>Please report any data file issues at http://forum.logiqx.com/</comment>
		<url>www.logiqx.com/Dats/OlderEmus/Older Emus 20080401 (cm).zip</url>
		<file>Multi\Callus95 v0.42 patch 2.4.dat</file>
	</datfile>
	<datfile>
		<name>Cinelator</name>
		<description>Cinelator 95 Beta</description>
		<version>20040709</version>
		<author>Logiqx</author>
		<comment>Please report any data file issues at http://forum.logiqx.com/</comment>
		<url>www.logiqx.com/Dats/OlderEmus/Older Emus 20080401 (cm).zip</url>
		<file>Multi\Cinelator 95 Beta.dat</file>
	</datfile>
	<datfile>
		<name>CINEMU</name>
		<description>CINEMU v1.2</description>
		<version>20040709</version>
		<author>Logiqx</author>
		<comment>Please report any data file issues at http://forum.logiqx.com/</comment>
		<url>www.logiqx.com/Dats/OlderEmus/Older Emus 20080401 (cm).zip</url>
		<file>Multi\CINEMU v1.2.dat</file>
	</datfile>
	<datfile>
		<name>ClassicEmu</name>
		<description>ClassicEmu v0.01</description>
		<version>20040709</version>
		<author>Logiqx</author>
		<comment>Please report any data file issues at http://forum.logiqx.com/</comment>
		<url>www.logiqx.com/Dats/OlderEmus/Older Emus 20080401 (cm).zip</url>
		<file>Multi\ClassicEmu v0.01.dat</file>
	</datfile>
	<datfile>
		<name>CottAGE</name>
		<description>CottAGE v0.12</description>
		<version>20080401</version>
		<author>Ben Jos Walbeehm - Team Logiqx</author>
		<comment>Please report any data file issues at http://forum.logiqx.com/</comment>
		<url>www.logiqx.com/Dats/OlderEmus/Older Emus 20080401 (cm).zip</url>
		<file>Multi\CottAGE v0.12.dat</file>
	</datfile>
	<datfile>
		<name>Crystal System Emulator</name>
		<description>Crystal System Emulator v1.1</description>
		<version>20041231</version>
		<author>Logiqx</author>
		<comment>Please report any data file issues at http://forum.logiqx.com/</comment>
		<url>www.logiqx.com/Dats/OlderEmus/Older Emus 20080401 (cm).zip</url>
		<file>Multi\Crystal System Emulator v1.1.dat</file>
	</datfile>
	<datfile>
		<name>DSP</name>
		<description>DSP v0.3 wip 6</description>
		<version>20080401</version>
		<author>Logiqx</author>
		<comment>Please report any data file issues at http://forum.logiqx.com/</comment>
		<url>www.logiqx.com/Dats/OlderEmus/Older Emus 20080401 (cm).zip</url>
		<file>Multi\DSP v0.3 wip 6.dat</file>
	</datfile>
	<datfile>
		<name>E++</name>
		<description>E++ v1.03</description>
		<version>20040709</version>
		<author>Logiqx</author>
		<comment>Please report any data file issues at http://forum.logiqx.com/</comment>
		<url>www.logiqx.com/Dats/OlderEmus/Older Emus 20080401 (cm).zip</url>
		<file>Multi\E++ v1.03.dat</file>
	</datfile>
	<datfile>
		<name>EMU</name>
		<description>EMU v2.3</description>
		<version>20080401</version>
		<author>Logiqx</author>
		<comment>Please report any data file issues at http://forum.logiqx.com/</comment>
		<url>www.logiqx.com/Dats/OlderEmus/Older Emus 20080401 (cm).zip</url>
		<file>Multi\EMU v2.3.dat</file>
	</datfile>
	<datfile>
		<name>EmuDX</name>
		<description>EmuDX v1.0</description>
		<version>20040709</version>
		<author>Logiqx</author>
		<comment>Please report any data file issues at http://forum.logiqx.com/</comment>
		<url>www.logiqx.com/Dats/OlderEmus/Older Emus 20080401 (cm).zip</url>
		<file>Multi\EmuDX v1.0.dat</file>
	</datfile>
	<datfile>
		<name>Final Burn</name>
		<description>Final Burn v0.518</description>
		<version>20080401</version>
		<author>Logiqx</author>
		<comment>Please report any data file issues at http://forum.logiqx.com/</comment>
		<url>www.logiqx.com/Dats/OlderEmus/Older Emus 20080401 (cm).zip</url>
		<file>Multi\Final Burn v0.518.dat</file>
	</datfile>
	<datfile>
		<name>GalEmu</name>
		<description>GalEmu v40.9</description>
		<version>20040709</version>
		<author>Logiqx</author>
		<comment>Please report any data file issues at http://forum.logiqx.com/</comment>
		<url>www.logiqx.com/Dats/OlderEmus/Older Emus 20080401 (cm).zip</url>
		<file>Multi\GalEmu v40.9.dat</file>
	</datfile>
	<datfile>
		<name>HiVE</name>
		<description>HiVE v1.04</description>
		<version>20040709</version>
		<author>Logiqx</author>
		<comment>Please report any data file issues at http://forum.logiqx.com/</comment>
		<url>www.logiqx.com/Dats/OlderEmus/Older Emus 20080401 (cm).zip</url>
		<file>Multi\HiVE v1.04.dat</file>
	</datfile>
	<datfile>
		<name>Impact</name>
		<description>Impact Full List</description>
		<version>20040709</version>
		<author>Logiqx</author>
		<comment>Please report any data file issues at http://forum.logiqx.com/</comment>
		<url>www.logiqx.com/Dats/OlderEmus/Older Emus 20080401 (cm).zip</url>
		<file>Multi\Impact Full List.dat</file>
	</datfile>
	<datfile>
		<name>Invader Saver</name>
		<description>Invader Saver v2.00a</description>
		<version>20040709</version>
		<author>Logiqx</author>
		<comment>Please report any data file issues at http://forum.logiqx.com/</comment>
		<url>www.logiqx.com/Dats/OlderEmus/Older Emus 20080401 (cm).zip</url>
		<file>Multi\Invader Saver v2.00a.dat</file>
	</datfile>
	<datfile>
		<name>InvEmu</name>
		<description>InvEmu v2.0</description>
		<version>20040709</version>
		<author>Logiqx</author>
		<comment>Please report any data file issues at http://forum.logiqx.com/</comment>
		<url>www.logiqx.com/Dats/OlderEmus/Older Emus 20080401 (cm).zip</url>
		<file>Multi\InvEmu v2.0.dat</file>
	</datfile>
	<datfile>
		<name>INVMZ</name>
		<description>INVMZ v0.05</description>
		<version>20040709</version>
		<author>Logiqx</author>
		<comment>Please report any data file issues at http://forum.logiqx.com/</comment>
		<url>www.logiqx.com/Dats/OlderEmus/Older Emus 20080401 (cm).zip</url>
		<file>Multi\INVMZ v0.05.dat</file>
	</datfile>
	<datfile>
		<name>JAS</name>
		<description>JAS v1.01</description>
		<version>20040709</version>
		<author>Logiqx</author>
		<comment>Please report any data file issues at http://forum.logiqx.com/</comment>
		<url>www.logiqx.com/Dats/OlderEmus/Older Emus 20080401 (cm).zip</url>
		<file>Multi\JAS v1.01.dat</file>
	</datfile>
	<datfile>
		<name>JAS-SYS1</name>
		<description>JAS-SYS1 b1.2</description>
		<version>20050923</version>
		<author>Logiqx</author>
		<comment>Please report any data file issues at http://forum.logiqx.com/</comment>
		<url>www.logiqx.com/Dats/OlderEmus/Older Emus 20080401 (cm).zip</url>
		<file>Multi\JAS-SYS1 b1.2.dat</file>
	</datfile>
	<datfile>
		<name>JFF</name>
		<description>JFF v0.24</description>
		<version>20040709</version>
		<author>Logiqx</author>
		<comment>Please report any data file issues at http://forum.logiqx.com/</comment>
		<url>www.logiqx.com/Dats/OlderEmus/Older Emus 20080401 (cm).zip</url>
		<file>Multi\JFF v0.24.dat</file>
	</datfile>
	<datfile>
		<name>Juno First</name>
		<description>Juno First v1.23</description>
		<version>20040709</version>
		<author>Logiqx</author>
		<comment>Please report any data file issues at http://forum.logiqx.com/</comment>
		<url>www.logiqx.com/Dats/OlderEmus/Older Emus 20080401 (cm).zip</url>
		<file>Multi\Juno First v1.23.dat</file>
	</datfile>
	<datfile>
		<name>KEM</name>
		<description>KEM v1.1</description>
		<version>20040709</version>
		<author>Logiqx</author>
		<comment>Please report any data file issues at http://forum.logiqx.com/</comment>
		<url>www.logiqx.com/Dats/OlderEmus/Older Emus 20080401 (cm).zip</url>
		<file>Multi\KEM v1.1.dat</file>
	</datfile>
	<datfile>
		<name>Kong</name>
		<description>Kong Emulator v0.2</description>
		<version>20040709</version>
		<author>Logiqx</author>
		<comment>Please report any data file issues at http://forum.logiqx.com/</comment>
		<url>www.logiqx.com/Dats/OlderEmus/Older Emus 20080401 (cm).zip</url>
		<file>Multi\Kong Emulator v0.2.dat</file>
	</datfile>
	<datfile>
		<name>Laser</name>
		<description>Laser v0.20a</description>
		<version>20080401</version>
		<author>Logiqx</author>
		<comment>Please report any data file issues at http://forum.logiqx.com/</comment>
		<url>www.logiqx.com/Dats/OlderEmus/Older Emus 20080401 (cm).zip</url>
		<file>Multi\Laser v0.20a.dat</file>
	</datfile>
	<datfile>
		<name>M-ulator</name>
		<description>M-ulator v0.14</description>
		<version>20040709</version>
		<author>Logiqx</author>
		<comment>Please report any data file issues at http://forum.logiqx.com/</comment>
		<url>www.logiqx.com/Dats/OlderEmus/Older Emus 20080401 (cm).zip</url>
		<file>Multi\M-ulator v0.14.dat</file>
	</datfile>
	<datfile>
		<name>M72</name>
		<description>M72 v0.33b</description>
		<version>20040709</version>
		<author>Logiqx</author>
		<comment>Please report any data file issues at http://forum.logiqx.com/</comment>
		<url>www.logiqx.com/Dats/OlderEmus/Older Emus 20080401 (cm).zip</url>
		<file>Multi\M72 v0.33b.dat</file>
	</datfile>
	<datfile>
		<name>MageX</name>
		<description>MageX v0.8a</description>
		<version>20040709</version>
		<author>Logiqx</author>
		<comment>Please report any data file issues at http://forum.logiqx.com/</comment>
		<url>www.logiqx.com/Dats/OlderEmus/Older Emus 20080401 (cm).zip</url>
		<file>Multi\MageX v0.8a.dat</file>
	</datfile>
	<datfile>
		<name>Mapefer3</name>
		<description>Mapefer3 v0.8b</description>
		<version>20040709</version>
		<author>Logiqx</author>
		<comment>Please report any data file issues at http://forum.logiqx.com/</comment>
		<url>www.logiqx.com/Dats/OlderEmus/Older Emus 20080401 (cm).zip</url>
		<file>Multi\Mapefer3 v0.8b.dat</file>
	</datfile>
	<datfile>
		<name>MGE</name>
		<description>MGE v0.471</description>
		<version>20040709</version>
		<author>Logiqx</author>
		<comment>Please report any data file issues at http://forum.logiqx.com/</comment>
		<url>www.logiqx.com/Dats/OlderEmus/Older Emus 20080401 (cm).zip</url>
		<file>Multi\MGE v0.471.dat</file>
	</datfile>
	<datfile>
		<name>Mimic</name>
		<description>Mimic v2.11</description>
		<version>20040709</version>
		<author>Logiqx</author>
		<comment>Please report any data file issues at http://forum.logiqx.com/</comment>
		<url>www.logiqx.com/Dats/OlderEmus/Older Emus 20080401 (cm).zip</url>
		<file>Multi\Mimic v2.11.dat</file>
	</datfile>
	<datfile>
		<name>Modeler (full sets)</name>
		<description>Modeler v0.9.3a (full sets)</description>
		<version>20040709</version>
		<author>Logiqx</author>
		<comment>Please report any data file issues at http://forum.logiqx.com/</comment>
		<url>www.logiqx.com/Dats/OlderEmus/Older Emus 20080401 (cm).zip</url>
		<file>Multi\Modeler v0.9.3a (full sets).dat</file>
	</datfile>
	<datfile>
		<name>Modeler</name>
		<description>Modeler v0.9.3a</description>
		<version>20040709</version>
		<author>Logiqx</author>
		<comment>Please report any data file issues at http://forum.logiqx.com/</comment>
		<url>www.logiqx.com/Dats/OlderEmus/Older Emus 20080401 (cm).zip</url>
		<file>Multi\Modeler v0.9.3a.dat</file>
	</datfile>
	<datfile>
		<name>MultiPac</name>
		<description>MultiPac v0.8</description>
		<version>20040709</version>
		<author>Logiqx</author>
		<comment>Please report any data file issues at http://forum.logiqx.com/</comment>
		<url>www.logiqx.com/Dats/OlderEmus/Older Emus 20080401 (cm).zip</url>
		<file>Multi\MultiPac v0.8.dat</file>
	</datfile>
	<datfile>
		<name>Multiple Invaders</name>
		<description>Multiple Invaders v2.0</description>
		<version>20040709</version>
		<author>Logiqx</author>
		<comment>Please report any data file issues at http://forum.logiqx.com/</comment>
		<url>www.logiqx.com/Dats/OlderEmus/Older Emus 20080401 (cm).zip</url>
		<file>Multi\Multiple Invaders v2.0.dat</file>
	</datfile>
	<datfile>
		<name>Nebula Model 2</name>
		<description>Nebula Model 2 v0.9b</description>
		<version>20040711</version>
		<author>Logiqx</author>
		<comment>Please report any data file issues at http://forum.logiqx.com/</comment>
		<url>www.logiqx.com/Dats/OlderEmus/Older Emus 20080401 (cm).zip</url>
		<file>Multi\Nebula Model 2 v0.9b.dat</file>
	</datfile>
	<datfile>
		<name>NeoRAGEx</name>
		<description>NeoRAGEx v0.6b</description>
		<version>20040709</version>
		<author>Logiqx</author>
		<comment>Please report any data file issues at http://forum.logiqx.com/</comment>
		<url>www.logiqx.com/Dats/OlderEmus/Older Emus 20080401 (cm).zip</url>
		<file>Multi\NeoRAGEx v0.6b.dat</file>
	</datfile>
	<datfile>
		<name>OldSpark</name>
		<description>OldSpark v0.3</description>
		<version>20050103</version>
		<author>Logiqx</author>
		<comment>Please report any data file issues at http://forum.logiqx.com/</comment>
		<url>www.logiqx.com/Dats/OlderEmus/Older Emus 20080401 (cm).zip</url>
		<file>Multi\OldSpark v0.3.dat</file>
	</datfile>
	<datfile>
		<name>Pac Saver</name>
		<description>Pac Saver v1.00a</description>
		<version>20040709</version>
		<author>Logiqx</author>
		<comment>Please report any data file issues at http://forum.logiqx.com/</comment>
		<url>www.logiqx.com/Dats/OlderEmus/Older Emus 20080401 (cm).zip</url>
		<file>Multi\Pac Saver v1.00a.dat</file>
	</datfile>
	<datfile>
		<name>Pacifi3D</name>
		<description>Pacifi3D v0.3</description>
		<version>20050413</version>
		<author>Logiqx</author>
		<comment>Please report any data file issues at http://forum.logiqx.com/</comment>
		<url>www.logiqx.com/Dats/OlderEmus/Older Emus 20080401 (cm).zip</url>
		<file>Multi\Pacifi3D v0.3.dat</file>
	</datfile>
	<datfile>
		<name>PASMulator</name>
		<description>PASMulator v0.22</description>
		<version>20040709</version>
		<author>Logiqx</author>
		<comment>Please report any data file issues at http://forum.logiqx.com/</comment>
		<url>www.logiqx.com/Dats/OlderEmus/Older Emus 20080401 (cm).zip</url>
		<file>Multi\PASMulator v0.22.dat</file>
	</datfile>
	<datfile>
		<name>PCSloMo</name>
		<description>PCSloMo v0.24 Final</description>
		<version>20040709</version>
		<author>Logiqx</author>
		<comment>Please report any data file issues at http://forum.logiqx.com/</comment>
		<url>www.logiqx.com/Dats/OlderEmus/Older Emus 20080401 (cm).zip</url>
		<file>Multi\PCSloMo v0.24 Final.dat</file>
	</datfile>
	<datfile>
		<name>Phoenix</name>
		<description>Phoenix Emulator v1.03</description>
		<version>20040709</version>
		<author>Logiqx</author>
		<comment>Please report any data file issues at http://forum.logiqx.com/</comment>
		<url>www.logiqx.com/Dats/OlderEmus/Older Emus 20080401 (cm).zip</url>
		<file>Multi\Phoenix Emulator v1.03.dat</file>
	</datfile>
	<datfile>
		<name>PIE</name>
		<description>PIE v1.12</description>
		<version>20050918</version>
		<author>Logiqx</author>
		<comment>Please report any data file issues at http://forum.logiqx.com/</comment>
		<url>www.logiqx.com/Dats/OlderEmus/Older Emus 20080401 (cm).zip</url>
		<file>Multi\PIE v1.12.dat</file>
	</datfile>
	<datfile>
		<name>RAGE</name>
		<description>RAGE v0.9</description>
		<version>20040709</version>
		<author>Logiqx</author>
		<comment>Please report any data file issues at http://forum.logiqx.com/</comment>
		<url>www.logiqx.com/Dats/OlderEmus/Older Emus 20080401 (cm).zip</url>
		<file>Multi\RAGE v0.9.dat</file>
	</datfile>
	<datfile>
		<name>Replay</name>
		<description>Replay v0.04</description>
		<version>20040709</version>
		<author>Logiqx</author>
		<comment>Please report any data file issues at http://forum.logiqx.com/</comment>
		<url>www.logiqx.com/Dats/OlderEmus/Older Emus 20080401 (cm).zip</url>
		<file>Multi\Replay v0.04.dat</file>
	</datfile>
	<datfile>
		<name>Replay+</name>
		<description>Replay+ v1.00</description>
		<version>20040709</version>
		<author>Logiqx</author>
		<comment>Please report any data file issues at http://forum.logiqx.com/</comment>
		<url>www.logiqx.com/Dats/OlderEmus/Older Emus 20080401 (cm).zip</url>
		<file>Multi\Replay+ v1.00.dat</file>
	</datfile>
	<datfile>
		<name>Retrocade</name>
		<description>Retrocade v1.2 b2</description>
		<version>20080401</version>
		<author>Logiqx</author>
		<comment>Please report any data file issues at http://forum.logiqx.com/</comment>
		<url>www.logiqx.com/Dats/OlderEmus/Older Emus 20080401 (cm).zip</url>
		<file>Multi\Retrocade v1.2 b2.dat</file>
	</datfile>
	<datfile>
		<name>Retrovaders</name>
		<description>Retrovaders v1.02</description>
		<version>20050328</version>
		<author>Logiqx</author>
		<comment>Please report any data file issues at http://forum.logiqx.com/</comment>
		<url>www.logiqx.com/Dats/OlderEmus/Older Emus 20080401 (cm).zip</url>
		<file>Multi\Retrovaders v1.02.dat</file>
	</datfile>
	<datfile>
		<name>Rock-ulator</name>
		<description>Rock-ulator v0.86</description>
		<version>20040709</version>
		<author>Logiqx</author>
		<comment>Please report any data file issues at http://forum.logiqx.com/</comment>
		<url>www.logiqx.com/Dats/OlderEmus/Older Emus 20080401 (cm).zip</url>
		<file>Multi\Rock-ulator v0.86.dat</file>
	</datfile>
	<datfile>
		<name>Rockulator++</name>
		<description>Rockulator++ v0.98a</description>
		<version>20040709</version>
		<author>Logiqx</author>
		<comment>Please report any data file issues at http://forum.logiqx.com/</comment>
		<url>www.logiqx.com/Dats/OlderEmus/Older Emus 20080401 (cm).zip</url>
		<file>Multi\Rockulator++ v0.98a.dat</file>
	</datfile>
	<datfile>
		<name>S11Emu</name>
		<description>S11Emu v0.2</description>
		<version>20040709</version>
		<author>Roman Scherzer</author>
		<comment>Please report any data file issues at http://www.clrmame.com/</comment>
		<url>www.logiqx.com/Dats/OlderEmus/Older Emus 20080401 (cm).zip</url>
		<file>Multi\S11Emu v0.2.dat</file>
	</datfile>
	<datfile>
		<name>SAGE</name>
		<description>SAGE v1.16</description>
		<version>20040709</version>
		<author>Logiqx</author>
		<comment>Please report any data file issues at http://forum.logiqx.com/</comment>
		<url>www.logiqx.com/Dats/OlderEmus/Older Emus 20080401 (cm).zip</url>
		<file>Multi\SAGE v1.16.dat</file>
	</datfile>
	<datfile>
		<name>Sega System 24 Emulator</name>
		<description>Sega System 24 Emulator (20030208)</description>
		<version>20040709</version>
		<author>rosewood - Team Logiqx</author>
		<comment>Please report any data file issues at http://forum.logiqx.com/</comment>
		<url>www.logiqx.com/Dats/OlderEmus/Older Emus 20080401 (cm).zip</url>
		<file>Multi\Sega System 24 Emulator 20030208.dat</file>
	</datfile>
	<datfile>
		<name>Sega System C2</name>
		<description>Sega System C2 Emulator v0.2b</description>
		<version>20040709</version>
		<author>Logiqx</author>
		<comment>Please report any data file issues at http://forum.logiqx.com/</comment>
		<url>www.logiqx.com/Dats/OlderEmus/Older Emus 20080401 (cm).zip</url>
		<file>Multi\Sega System C2 Emulator v0.2b.dat</file>
	</datfile>
	<datfile>
		<name>Shark</name>
		<description>Shark v3.1f</description>
		<version>20040709</version>
		<author>Logiqx</author>
		<comment>Please report any data file issues at http://forum.logiqx.com/</comment>
		<url>www.logiqx.com/Dats/OlderEmus/Older Emus 20080401 (cm).zip</url>
		<file>Multi\Shark v3.1f.dat</file>
	</datfile>
	<datfile>
		<name>Sideway</name>
		<description>Sideway v0.22a</description>
		<version>20050328</version>
		<author>Logiqx</author>
		<comment>Please report any data file issues at http://forum.logiqx.com/</comment>
		<url>www.logiqx.com/Dats/OlderEmus/Older Emus 20080401 (cm).zip</url>
		<file>Multi\Sideway v0.22a.dat</file>
	</datfile>
	<datfile>
		<name>SiEmu</name>
		<description>SiEmu v1.03</description>
		<version>20040709</version>
		<author>Logiqx</author>
		<comment>Please report any data file issues at http://forum.logiqx.com/</comment>
		<url>www.logiqx.com/Dats/OlderEmus/Older Emus 20080401 (cm).zip</url>
		<file>Multi\SIEmu v1.03.dat</file>
	</datfile>
	<datfile>
		<name>SledgeHammer</name>
		<description>SledgeHammer v0.02</description>
		<version>20040709</version>
		<author>Logiqx</author>
		<comment>Please report any data file issues at http://forum.logiqx.com/</comment>
		<url>www.logiqx.com/Dats/OlderEmus/Older Emus 20080401 (cm).zip</url>
		<file>Multi\SledgeHammer v0.02.dat</file>
	</datfile>
	<datfile>
		<name>Small Space Invaders</name>
		<description>Small Space Invaders v1.2</description>
		<version>20040709</version>
		<author>Logiqx</author>
		<comment>Please report any data file issues at http://forum.logiqx.com/</comment>
		<url>www.logiqx.com/Dats/OlderEmus/Older Emus 20080401 (cm).zip</url>
		<file>Multi\Small Space Invaders v1.2.dat</file>
	</datfile>
	<datfile>
		<name>SNAME</name>
		<description>SNAME v0.2</description>
		<version>20040709</version>
		<author>Logiqx</author>
		<comment>Please report any data file issues at http://forum.logiqx.com/</comment>
		<url>www.logiqx.com/Dats/OlderEmus/Older Emus 20080401 (cm).zip</url>
		<file>Multi\SNAME v0.2.dat</file>
	</datfile>
	<datfile>
		<name>Space Invader Emulator</name>
		<description>Space Invader Emulator v1.00</description>
		<version>20040709</version>
		<author>Logiqx</author>
		<comment>Please report any data file issues at http://forum.logiqx.com/</comment>
		<url>www.logiqx.com/Dats/OlderEmus/Older Emus 20080401 (cm).zip</url>
		<file>Multi\Space Invader Emulator v1.00.dat</file>
	</datfile>
	<datfile>
		<name>SPADERS</name>
		<description>SPADERS v0.76</description>
		<version>20040709</version>
		<author>Logiqx</author>
		<comment>Please report any data file issues at http://forum.logiqx.com/</comment>
		<url>www.logiqx.com/Dats/OlderEmus/Older Emus 20080401 (cm).zip</url>
		<file>Multi\SPADERS v0.76.dat</file>
	</datfile>
	<datfile>
		<name>Sparcade</name>
		<description>Sparcade v2.25</description>
		<version>20040709</version>
		<author>Logiqx</author>
		<comment>Please report any data file issues at http://forum.logiqx.com/</comment>
		<url>www.logiqx.com/Dats/OlderEmus/Older Emus 20080401 (cm).zip</url>
		<file>Multi\Sparcade v2.25.dat</file>
	</datfile>
	<datfile>
		<name>Sparcade Beta</name>
		<description>Sparcade v2.33b</description>
		<version>20040709</version>
		<author>Logiqx</author>
		<comment>Please report any data file issues at http://forum.logiqx.com/</comment>
		<url>www.logiqx.com/Dats/OlderEmus/Older Emus 20080401 (cm).zip</url>
		<file>Multi\Sparcade v2.33b.dat</file>
	</datfile>
	<datfile>
		<name>System 16 Beta</name>
		<description>System 16 (last beta) + cabSystem16</description>
		<version>20080401</version>
		<author>Logiqx</author>
		<comment>Please report any data file issues at http://forum.logiqx.com/</comment>
		<url>www.logiqx.com/Dats/OlderEmus/Older Emus 20080401 (cm).zip</url>
		<file>Multi\System 16 (last beta) + cabSystem16.dat</file>
	</datfile>
	<datfile>
		<name>System 16</name>
		<description>System 16 v0.82a</description>
		<version>20050130</version>
		<author>Logiqx</author>
		<comment>Please report any data file issues at http://forum.logiqx.com/</comment>
		<url>www.logiqx.com/Dats/OlderEmus/Older Emus 20080401 (cm).zip</url>
		<file>Multi\System 16 v0.82a.dat</file>
	</datfile>
	<datfile>
		<name>System 8</name>
		<description>System 8 v0.61b</description>
		<version>20040709</version>
		<author>Logiqx</author>
		<comment>Please report any data file issues at http://forum.logiqx.com/</comment>
		<url>www.logiqx.com/Dats/OlderEmus/Older Emus 20080401 (cm).zip</url>
		<file>Multi\System 8 v0.61b.dat</file>
	</datfile>
	<datfile>
		<name>The Arcade Machine</name>
		<description>The Arcade Machine</description>
		<version>20040709</version>
		<author>Logiqx</author>
		<comment>Please report any data file issues at http://forum.logiqx.com/</comment>
		<url>www.logiqx.com/Dats/OlderEmus/Older Emus 20080401 (cm).zip</url>
		<file>Multi\The Arcade Machine.dat</file>
	</datfile>
	<datfile>
		<name>Tickle</name>
		<description>Tickle Rebound Edition</description>
		<version>20050730</version>
		<author>Logiqx</author>
		<comment>Please report any data file issues at http://forum.logiqx.com/</comment>
		<url>www.logiqx.com/Dats/OlderEmus/Older Emus 20080401 (cm).zip</url>
		<file>Multi\Tickle Rebound Edition.dat</file>
	</datfile>
	<datfile>
		<name>U64Emu</name>
		<description>U64Emu v3.05</description>
		<version>20040709</version>
		<author>RetroLover + Logiqx</author>
		<comment>Please report any data file issues at http://forum.logiqx.com/</comment>
		<url>www.logiqx.com/Dats/OlderEmus/Older Emus 20080401 (cm).zip</url>
		<file>Multi\U64Emu v3.05.dat</file>
	</datfile>
	<datfile>
		<name>VAntAGE</name>
		<description>VAntAGE v1.12</description>
		<version>20080401</version>
		<author>Logiqx</author>
		<comment>Please report any data file issues at http://forum.logiqx.com/</comment>
		<url>www.logiqx.com/Dats/OlderEmus/Older Emus 20080401 (cm).zip</url>
		<file>Multi\VAntAGE v1.12.dat</file>
	</datfile>
	<datfile>
		<name>VBEmu SS</name>
		<description>VBEmu Screen Saver v1.01a</description>
		<version>20040709</version>
		<author>Logiqx</author>
		<comment>Please report any data file issues at http://forum.logiqx.com/</comment>
		<url>www.logiqx.com/Dats/OlderEmus/Older Emus 20080401 (cm).zip</url>
		<file>Multi\VBEmu Screen Saver v1.01a.dat</file>
	</datfile>
	<datfile>
		<name>VBEmu</name>
		<description>VBEmu v1.00a</description>
		<version>20040709</version>
		<author>Logiqx</author>
		<comment>Please report any data file issues at http://forum.logiqx.com/</comment>
		<url>www.logiqx.com/Dats/OlderEmus/Older Emus 20080401 (cm).zip</url>
		<file>Multi\VBEmu v1.00a.dat</file>
	</datfile>
	<datfile>
		<name>VBPac</name>
		<description>VBPac v0.10a</description>
		<version>20040709</version>
		<author>Logiqx</author>
		<comment>Please report any data file issues at http://forum.logiqx.com/</comment>
		<url>www.logiqx.com/Dats/OlderEmus/Older Emus 20080401 (cm).zip</url>
		<file>Multi\VBPac v0.10a.dat</file>
	</datfile>
	<datfile>
		<name>Vector Dream</name>
		<description>Vector Dream v2.3</description>
		<version>20080401</version>
		<author>Logiqx</author>
		<comment>Please report any data file issues at http://forum.logiqx.com/</comment>
		<url>www.logiqx.com/Dats/OlderEmus/Older Emus 20080401 (cm).zip</url>
		<file>Multi\Vector Dream v2.3.dat</file>
	</datfile>
	<datfile>
		<name>Virtua</name>
		<description>Virtua</description>
		<version>20040709</version>
		<author>Logiqx</author>
		<comment>Please report any data file issues at http://forum.logiqx.com/</comment>
		<url>www.logiqx.com/Dats/OlderEmus/Older Emus 20080401 (cm).zip</url>
		<file>Multi\Virtua.dat</file>
	</datfile>
	<datfile>
		<name>Virtual PCB</name>
		<description>Virtual PCB v0.4</description>
		<version>20040709</version>
		<author>Logiqx</author>
		<comment>Please report any data file issues at http://forum.logiqx.com/</comment>
		<url>www.logiqx.com/Dats/OlderEmus/Older Emus 20080401 (cm).zip</url>
		<file>Multi\Virtual PCB v0.4.dat</file>
	</datfile>
	<datfile>
		<name>Viva Nonno</name>
		<description>Viva Nonno - Namco System 22 Emulator v22.0.3</description>
		<version>20040709</version>
		<author>Logiqx</author>
		<comment>Please report any data file issues at http://forum.logiqx.com/</comment>
		<url>www.logiqx.com/Dats/OlderEmus/Older Emus 20080401 (cm).zip</url>
		<file>Multi\Viva Nonno v22.0.3.dat</file>
	</datfile>
	<datfile>
		<name>Winvader</name>
		<description>Winvader v1.0</description>
		<version>20040709</version>
		<author>Logiqx</author>
		<comment>Please report any data file issues at http://forum.logiqx.com/</comment>
		<url>www.logiqx.com/Dats/OlderEmus/Older Emus 20080401 (cm).zip</url>
		<file>Multi\Winvader v1.0.dat</file>
	</datfile>
	<datfile>
		<name>Xcade</name>
		<description>Xcade v0.85</description>
		<version>20040709</version>
		<author>Logiqx</author>
		<comment>Please report any data file issues at http://forum.logiqx.com/</comment>
		<url>www.logiqx.com/Dats/OlderEmus/Older Emus 20080401 (cm).zip</url>
		<file>Multi\Xcade v0.85.dat</file>
	</datfile>
	<datfile>
		<name>xDragon</name>
		<description>xDragon v0.30</description>
		<version>20040709</version>
		<author>Logiqx</author>
		<comment>Please report any data file issues at http://forum.logiqx.com/</comment>
		<url>www.logiqx.com/Dats/OlderEmus/Older Emus 20080401 (cm).zip</url>
		<file>Multi\xDragon v0.30.dat</file>
	</datfile>
	<datfile>
		<name>XPac</name>
		<description>XPac Beta 1-2-3</description>
		<version>20040709</version>
		<author>Logiqx</author>
		<comment>Please report any data file issues at http://forum.logiqx.com/</comment>
		<url>www.logiqx.com/Dats/OlderEmus/Older Emus 20080401 (cm).zip</url>
		<file>Multi\XPac Beta 1-2-3.dat</file>
	</datfile>
	<datfile>
		<name>YAAME</name>
		<description>YAAME v0.3</description>
		<version>20040709</version>
		<author>Logiqx + Pi</author>
		<comment>Please report any data file issues at http://forum.logiqx.com/</comment>
		<url>www.logiqx.com/Dats/OlderEmus/Older Emus 20080401 (cm).zip</url>
		<file>Multi\YAAME v0.3.dat</file>
	</datfile>
	<datfile>
		<name>ZEM</name>
		<description>ZEM v0.001</description>
		<version>20040709</version>
		<author>Logiqx</author>
		<comment>Please report any data file issues at http://forum.logiqx.com/</comment>
		<url>www.logiqx.com/Dats/OlderEmus/Older Emus 20080401 (cm).zip</url>
		<file>Multi\ZEM v0.001.dat</file>
	</datfile>
	<datfile>
		<name>1942</name>
		<description>1942 Arcade Machine Emulator v0.5</description>
		<version>20040709</version>
		<author>Logiqx</author>
		<comment>Please report any data file issues at http://forum.logiqx.com/</comment>
		<url>www.logiqx.com/Dats/OlderEmus/Older Emus 20080401 (cm).zip</url>
		<file>Single\1942 Arcade Machine Emulator v0.5.dat</file>
	</datfile>
	<datfile>
		<name>AMOAD</name>
		<description>AMOAD</description>
		<version>20040709</version>
		<author>Logiqx</author>
		<comment>Please report any data file issues at http://forum.logiqx.com/</comment>
		<url>www.logiqx.com/Dats/OlderEmus/Older Emus 20080401 (cm).zip</url>
		<file>Single\AMOAD I - XXII.dat</file>
	</datfile>
	<datfile>
		<name>Annoid</name>
		<description>Annoid v1.0</description>
		<version>20040709</version>
		<author>Logiqx</author>
		<comment>Please report any data file issues at http://forum.logiqx.com/</comment>
		<url>www.logiqx.com/Dats/OlderEmus/Older Emus 20080401 (cm).zip</url>
		<file>Single\Annoid v1.0.dat</file>
	</datfile>
	<datfile>
		<name>AsciiPac</name>
		<description>AsciiPac</description>
		<version>20040709</version>
		<author>Logiqx</author>
		<comment>Please report any data file issues at http://forum.logiqx.com/</comment>
		<url>www.logiqx.com/Dats/OlderEmus/Older Emus 20080401 (cm).zip</url>
		<file>Single\AsciiPac.dat</file>
	</datfile>
	<datfile>
		<name>Ast3DX</name>
		<description>Ast3DX v1.0</description>
		<version>20040709</version>
		<author>Logiqx</author>
		<comment>Please report any data file issues at http://forum.logiqx.com/</comment>
		<url>www.logiqx.com/Dats/OlderEmus/Older Emus 20080401 (cm).zip</url>
		<file>Single\Ast3DX v1.0.dat</file>
	</datfile>
	<datfile>
		<name>AstDX</name>
		<description>AstDX v2.0</description>
		<version>20040709</version>
		<author>Logiqx</author>
		<comment>Please report any data file issues at http://forum.logiqx.com/</comment>
		<url>www.logiqx.com/Dats/OlderEmus/Older Emus 20080401 (cm).zip</url>
		<file>Single\AstDX v2.0.dat</file>
	</datfile>
	<datfile>
		<name>Asteroids</name>
		<description>Asteroids Emulator v3.02</description>
		<version>20040709</version>
		<author>Logiqx</author>
		<comment>Please report any data file issues at http://forum.logiqx.com/</comment>
		<url>www.logiqx.com/Dats/OlderEmus/Older Emus 20080401 (cm).zip</url>
		<file>Single\Asteroids Emulator v3.02.dat</file>
	</datfile>
	<datfile>
		<name>AsteroidsGL</name>
		<description>AsteroidsGL</description>
		<version>20050730</version>
		<author>Logiqx</author>
		<comment>Please report any data file issues at http://forum.logiqx.com/</comment>
		<url>www.logiqx.com/Dats/OlderEmus/Older Emus 20080401 (cm).zip</url>
		<file>Single\AsteroidsGL.dat</file>
	</datfile>
	<datfile>
		<name>BattleZoneGL</name>
		<description>BattleZoneGL</description>
		<version>20050730</version>
		<author>Logiqx</author>
		<comment>Please report any data file issues at http://forum.logiqx.com/</comment>
		<url>www.logiqx.com/Dats/OlderEmus/Older Emus 20080401 (cm).zip</url>
		<file>Single\BattleZoneGL.dat</file>
	</datfile>
	<datfile>
		<name>Bombjack</name>
		<description>Bombjack PC v1.1</description>
		<version>20040709</version>
		<author>Logiqx</author>
		<comment>Please report any data file issues at http://forum.logiqx.com/</comment>
		<url>www.logiqx.com/Dats/OlderEmus/Older Emus 20080401 (cm).zip</url>
		<file>Single\Bombjack PC v1.1.dat</file>
	</datfile>
	<datfile>
		<name>Boo!</name>
		<description>Boo! v1.00</description>
		<version>20040709</version>
		<author>Logiqx</author>
		<comment>Please report any data file issues at http://forum.logiqx.com/</comment>
		<url>www.logiqx.com/Dats/OlderEmus/Older Emus 20080401 (cm).zip</url>
		<file>Single\Boo! v1.00.dat</file>
	</datfile>
	<datfile>
		<name>Btishger</name>
		<description>Btishger v0.31</description>
		<version>20040709</version>
		<author>Logiqx</author>
		<comment>Please report any data file issues at http://forum.logiqx.com/</comment>
		<url>www.logiqx.com/Dats/OlderEmus/Older Emus 20080401 (cm).zip</url>
		<file>Single\Btishger v0.31.dat</file>
	</datfile>
	<datfile>
		<name>Centipede</name>
		<description>Centipede Emulator v0.2</description>
		<version>20040709</version>
		<author>Logiqx</author>
		<comment>Please report any data file issues at http://forum.logiqx.com/</comment>
		<url>www.logiqx.com/Dats/OlderEmus/Older Emus 20080401 (cm).zip</url>
		<file>Single\Centipede Emulator v0.2.dat</file>
	</datfile>
	<datfile>
		<name>ChopSuey</name>
		<description>ChopSuey v0.3333</description>
		<version>20040709</version>
		<author>Logiqx</author>
		<comment>Please report any data file issues at http://forum.logiqx.com/</comment>
		<url>www.logiqx.com/Dats/OlderEmus/Older Emus 20080401 (cm).zip</url>
		<file>Single\ChopSuey v0.3333.dat</file>
	</datfile>
	<datfile>
		<name>City Connection</name>
		<description>City Connection Emulator v2.4</description>
		<version>20040709</version>
		<author>Logiqx</author>
		<comment>Please report any data file issues at http://forum.logiqx.com/</comment>
		<url>www.logiqx.com/Dats/OlderEmus/Older Emus 20080401 (cm).zip</url>
		<file>Single\City Connection Emulator v2.4.dat</file>
	</datfile>
	<datfile>
		<name>Cloak and Dagulator</name>
		<description>Cloak and Dag-ulator v0.60</description>
		<version>20040709</version>
		<author>Logiqx</author>
		<comment>Please report any data file issues at http://forum.logiqx.com/</comment>
		<url>www.logiqx.com/Dats/OlderEmus/Older Emus 20080401 (cm).zip</url>
		<file>Single\Cloak and Dag-ulator v0.60.dat</file>
	</datfile>
	<datfile>
		<name>Crazy Climber</name>
		<description>Crazy Climber Emulator v0.6</description>
		<version>20040709</version>
		<author>Logiqx</author>
		<comment>Please report any data file issues at http://forum.logiqx.com/</comment>
		<url>www.logiqx.com/Dats/OlderEmus/Older Emus 20080401 (cm).zip</url>
		<file>Single\Crazy Climber Arcade Machine Emulator v0.6.dat</file>
	</datfile>
	<datfile>
		<name>Crazy Kong</name>
		<description>Crazy Kong Emu Rev 961020</description>
		<version>20040709</version>
		<author>Logiqx</author>
		<comment>Please report any data file issues at http://forum.logiqx.com/</comment>
		<url>www.logiqx.com/Dats/OlderEmus/Older Emus 20080401 (cm).zip</url>
		<file>Single\Crazy Kong Emu Rev 961020.dat</file>
	</datfile>
	<datfile>
		<name>Diamond Run</name>
		<description>Diamond Run Arcade Machine Emulator v0.22</description>
		<version>20040709</version>
		<author>Logiqx</author>
		<comment>Please report any data file issues at http://forum.logiqx.com/</comment>
		<url>www.logiqx.com/Dats/OlderEmus/Older Emus 20080401 (cm).zip</url>
		<file>Single\Diamond Run Arcade Machine Emulator v0.22.dat</file>
	</datfile>
	<datfile>
		<name>DTmnt</name>
		<description>DTmnt v0.55 Beta</description>
		<version>20040709</version>
		<author>Logiqx</author>
		<comment>Please report any data file issues at http://forum.logiqx.com/</comment>
		<url>www.logiqx.com/Dats/OlderEmus/Older Emus 20080401 (cm).zip</url>
		<file>Single\DTmnt v0.55 Beta.dat</file>
	</datfile>
	<datfile>
		<name>Escuela de Combate</name>
		<description>Escuela de Combate v0.1</description>
		<version>20040709</version>
		<author>Logiqx</author>
		<comment>Please report any data file issues at http://forum.logiqx.com/</comment>
		<url>www.logiqx.com/Dats/OlderEmus/Older Emus 20080401 (cm).zip</url>
		<file>Single\Escuela de Combate v0.1.dat</file>
	</datfile>
	<datfile>
		<name>Final Pengo</name>
		<description>Final Pengo Emulator v1.0</description>
		<version>20040709</version>
		<author>Logiqx</author>
		<comment>Please report any data file issues at http://forum.logiqx.com/</comment>
		<url>www.logiqx.com/Dats/OlderEmus/Older Emus 20080401 (cm).zip</url>
		<file>Single\Final Pengo Emulator v1.0.dat</file>
	</datfile>
	<datfile>
		<name>Gekko</name>
		<description>Gekko Teaser</description>
		<version>20040709</version>
		<author>Logiqx</author>
		<comment>Please report any data file issues at http://forum.logiqx.com/</comment>
		<url>www.logiqx.com/Dats/OlderEmus/Older Emus 20080401 (cm).zip</url>
		<file>Single\Gekko Teaser.dat</file>
	</datfile>
	<datfile>
		<name>GEM - Ghosts n Goblins</name>
		<description>GEM - Ghosts n Goblins Emulator</description>
		<version>20040709</version>
		<author>Logiqx</author>
		<comment>Please report any data file issues at http://forum.logiqx.com/</comment>
		<url>www.logiqx.com/Dats/OlderEmus/Older Emus 20080401 (cm).zip</url>
		<file>Single\GEM - Ghosts n Goblins Emulator.dat</file>
	</datfile>
	<datfile>
		<name>Ghosts n Goblins Arcade</name>
		<description>Ghosts n Goblins Arcade Machine Emulator v0.32</description>
		<version>20040709</version>
		<author>Logiqx</author>
		<comment>Please report any data file issues at http://forum.logiqx.com/</comment>
		<url>www.logiqx.com/Dats/OlderEmus/Older Emus 20080401 (cm).zip</url>
		<file>Single\Ghosts n Goblins Arcade Machine Emulator v0.32.dat</file>
	</datfile>
	<datfile>
		<name>Grytra</name>
		<description>Grytra v1.0</description>
		<version>20040709</version>
		<author>Logiqx</author>
		<comment>Please report any data file issues at http://forum.logiqx.com/</comment>
		<url>www.logiqx.com/Dats/OlderEmus/Older Emus 20080401 (cm).zip</url>
		<file>Single\Grytra v1.0.dat</file>
	</datfile>
	<datfile>
		<name>Gyruss</name>
		<description>Gyruss Emulator v0.04 (beta 1)</description>
		<version>20040709</version>
		<author>Logiqx</author>
		<comment>Please report any data file issues at http://forum.logiqx.com/</comment>
		<url>www.logiqx.com/Dats/OlderEmus/Older Emus 20080401 (cm).zip</url>
		<file>Single\Gyruss Emulator v0.04 (beta 1).dat</file>
	</datfile>
	<datfile>
		<name>Hornet</name>
		<description>Hornet r060215</description>
		<version>20070409</version>
		<author>Logiqx</author>
		<comment>Please report any data file issues at http://forum.logiqx.com/</comment>
		<url>www.logiqx.com/Dats/OlderEmus/Older Emus 20080401 (cm).zip</url>
		<file>Single\Hornet r060215.dat</file>
	</datfile>
	<datfile>
		<name>I, Robot</name>
		<description>I, Robot - The Emulator v0.98</description>
		<version>20040709</version>
		<author>Logiqx</author>
		<comment>Please report any data file issues at http://forum.logiqx.com/</comment>
		<url>www.logiqx.com/Dats/OlderEmus/Older Emus 20080401 (cm).zip</url>
		<file>Single\I, Robot - The Emulator v0.98.dat</file>
	</datfile>
	<datfile>
		<name>Ikari Warriors</name>
		<description>Ikari Warriors Emulator v0.49b</description>
		<version>20040709</version>
		<author>Logiqx</author>
		<comment>Please report any data file issues at http://forum.logiqx.com/</comment>
		<url>www.logiqx.com/Dats/OlderEmus/Older Emus 20080401 (cm).zip</url>
		<file>Single\Ikari Warriors Emulator v0.49b.dat</file>
	</datfile>
	<datfile>
		<name>JABAWAPE</name>
		<description>JABAWAPE v0.8</description>
		<version>20040709</version>
		<author>Logiqx</author>
		<comment>Please report any data file issues at http://forum.logiqx.com/</comment>
		<url>www.logiqx.com/Dats/OlderEmus/Older Emus 20080401 (cm).zip</url>
		<file>Single\JABAWAPE v0.8.dat</file>
	</datfile>
	<datfile>
		<name>JAS-Dig Dug 2</name>
		<description>JAS-Dig Dug 2 v1.00</description>
		<version>20040709</version>
		<author>Logiqx</author>
		<comment>Please report any data file issues at http://forum.logiqx.com/</comment>
		<url>www.logiqx.com/Dats/OlderEmus/Older Emus 20080401 (cm).zip</url>
		<file>Single\JAS-Dig Dug 2 v1.00.dat</file>
	</datfile>
	<datfile>
		<name>JAS-Gaplus</name>
		<description>JAS-Gaplus v1.4 beta</description>
		<version>20040709</version>
		<author>Logiqx</author>
		<comment>Please report any data file issues at http://forum.logiqx.com/</comment>
		<url>www.logiqx.com/Dats/OlderEmus/Older Emus 20080401 (cm).zip</url>
		<file>Single\JAS-Gaplus v1.4 beta.dat</file>
	</datfile>
	<datfile>
		<name>JAS-Mappy</name>
		<description>JAS-Mappy v1.0</description>
		<version>20040709</version>
		<author>Logiqx</author>
		<comment>Please report any data file issues at http://forum.logiqx.com/</comment>
		<url>www.logiqx.com/Dats/OlderEmus/Older Emus 20080401 (cm).zip</url>
		<file>Single\JAS-Mappy v1.0.dat</file>
	</datfile>
	<datfile>
		<name>JAS-Super Pacman</name>
		<description>JAS-Super Pacman v1.01</description>
		<version>20040709</version>
		<author>Logiqx</author>
		<comment>Please report any data file issues at http://forum.logiqx.com/</comment>
		<url>www.logiqx.com/Dats/OlderEmus/Older Emus 20080401 (cm).zip</url>
		<file>Single\JAS-Super Pacman v1.01.dat</file>
	</datfile>
	<datfile>
		<name>Jump Bug Emulator</name>
		<description>Jump Bug Emulator v0.50</description>
		<version>20040709</version>
		<author>Logiqx</author>
		<comment>Please report any data file issues at http://forum.logiqx.com/</comment>
		<url>www.logiqx.com/Dats/OlderEmus/Older Emus 20080401 (cm).zip</url>
		<file>Single\Jump Bug Emulator v0.50.dat</file>
	</datfile>
	<datfile>
		<name>Kung Fu Master</name>
		<description>Kung Fu Master v0.0000001a</description>
		<version>20040709</version>
		<author>Logiqx</author>
		<comment>Please report any data file issues at http://forum.logiqx.com/</comment>
		<url>www.logiqx.com/Dats/OlderEmus/Older Emus 20080401 (cm).zip</url>
		<file>Single\Kung Fu Master v0.0000001a.dat</file>
	</datfile>
	<datfile>
		<name>Lady Bug Emulator</name>
		<description>Lady Bug v0.5</description>
		<version>20040709</version>
		<author>Logiqx</author>
		<comment>Please report any data file issues at http://forum.logiqx.com/</comment>
		<url>www.logiqx.com/Dats/OlderEmus/Older Emus 20080401 (cm).zip</url>
		<file>Single\Lady Bug Arcade Machine Emulator v0.5.dat</file>
	</datfile>
	<datfile>
		<name>Lady Bug</name>
		<description>Lady Bug v1.3</description>
		<version>20040709</version>
		<author>Logiqx</author>
		<comment>Please report any data file issues at http://forum.logiqx.com/</comment>
		<url>www.logiqx.com/Dats/OlderEmus/Older Emus 20080401 (cm).zip</url>
		<file>Single\Lady Bug v1.3.dat</file>
	</datfile>
	<datfile>
		<name>Les</name>
		<description>Les v0</description>
		<version>20040709</version>
		<author>Logiqx</author>
		<comment>Please report any data file issues at http://forum.logiqx.com/</comment>
		<url>www.logiqx.com/Dats/OlderEmus/Older Emus 20080401 (cm).zip</url>
		<file>Single\Les v0.dat</file>
	</datfile>
	<datfile>
		<name>Marble Madness</name>
		<description>Marble Madness Emulator v0.2 beta</description>
		<version>20040709</version>
		<author>Logiqx</author>
		<comment>Please report any data file issues at http://forum.logiqx.com/</comment>
		<url>www.logiqx.com/Dats/OlderEmus/Older Emus 20080401 (cm).zip</url>
		<file>Single\Marble Madness Emulator v0.2 beta.dat</file>
	</datfile>
	<datfile>
		<name>MCEmu</name>
		<description>MCEmu v0.85</description>
		<version>20040709</version>
		<author>Logiqx</author>
		<comment>Please report any data file issues at http://forum.logiqx.com/</comment>
		<url>www.logiqx.com/Dats/OlderEmus/Older Emus 20080401 (cm).zip</url>
		<file>Single\MCEmu v0.85.dat</file>
	</datfile>
	<datfile>
		<name>MHEMU</name>
		<description>MHEMU v1.0</description>
		<version>20040709</version>
		<author>Logiqx</author>
		<comment>Please report any data file issues at http://forum.logiqx.com/</comment>
		<url>www.logiqx.com/Dats/OlderEmus/Older Emus 20080401 (cm).zip</url>
		<file>Single\MHEMU v1.0.dat</file>
	</datfile>
	<datfile>
		<name>Mikie</name>
		<description>Mikie</description>
		<version>20040709</version>
		<author>Logiqx</author>
		<comment>Please report any data file issues at http://forum.logiqx.com/</comment>
		<url>www.logiqx.com/Dats/OlderEmus/Older Emus 20080401 (cm).zip</url>
		<file>Single\Mikie.dat</file>
	</datfile>
	<datfile>
		<name>milliEmu</name>
		<description>milliEmu v0.0.2</description>
		<version>20040709</version>
		<author>Logiqx</author>
		<comment>Please report any data file issues at http://forum.logiqx.com/</comment>
		<url>www.logiqx.com/Dats/OlderEmus/Older Emus 20080401 (cm).zip</url>
		<file>Single\milliEmu v0.0.2.dat</file>
	</datfile>
	<datfile>
		<name>Millipede</name>
		<description>Millipede Emulator v0.2</description>
		<version>20040709</version>
		<author>Logiqx</author>
		<comment>Please report any data file issues at http://forum.logiqx.com/</comment>
		<url>www.logiqx.com/Dats/OlderEmus/Older Emus 20080401 (cm).zip</url>
		<file>Single\Millipede Emulator v0.2.dat</file>
	</datfile>
	<datfile>
		<name>Mini-Pac</name>
		<description>Mini-Pac v1.0</description>
		<version>20040709</version>
		<author>Logiqx</author>
		<comment>Please report any data file issues at http://forum.logiqx.com/</comment>
		<url>www.logiqx.com/Dats/OlderEmus/Older Emus 20080401 (cm).zip</url>
		<file>Single\Mini-Pac v1.0.dat</file>
	</datfile>
	<datfile>
		<name>Missile Command</name>
		<description>Missile Command Emulator v1.0</description>
		<version>20040709</version>
		<author>Logiqx</author>
		<comment>Please report any data file issues at http://forum.logiqx.com/</comment>
		<url>www.logiqx.com/Dats/OlderEmus/Older Emus 20080401 (cm).zip</url>
		<file>Single\Missile Command Emulator v1.0.dat</file>
	</datfile>
	<datfile>
		<name>Moon Cresta</name>
		<description>Moon Cresta Emulator</description>
		<version>20040709</version>
		<author>Logiqx</author>
		<comment>Please report any data file issues at http://forum.logiqx.com/</comment>
		<url>www.logiqx.com/Dats/OlderEmus/Older Emus 20080401 (cm).zip</url>
		<file>Single\Moon Cresta Emulator.dat</file>
	</datfile>
	<datfile>
		<name>Mr. Do! Arcade Machine Emulator</name>
		<description>Mr. Do! Arcade Machine Emulator</description>
		<version>20040709</version>
		<author>Logiqx</author>
		<comment>Please report any data file issues at http://forum.logiqx.com/</comment>
		<url>www.logiqx.com/Dats/OlderEmus/Older Emus 20080401 (cm).zip</url>
		<file>Single\Mr. Do! Arcade Machine Emulator.dat</file>
	</datfile>
	<datfile>
		<name>Mr. Do! Run Run</name>
		<description>Mr. Do! Run Run v1.2</description>
		<version>20040709</version>
		<author>Logiqx</author>
		<comment>Please report any data file issues at http://forum.logiqx.com/</comment>
		<url>www.logiqx.com/Dats/OlderEmus/Older Emus 20080401 (cm).zip</url>
		<file>Single\Mr. Do! Run Run v1.2.dat</file>
	</datfile>
	<datfile>
		<name>Mr. Do!</name>
		<description>Mr. Do! v2.1</description>
		<version>20040709</version>
		<author>Logiqx</author>
		<comment>Please report any data file issues at http://forum.logiqx.com/</comment>
		<url>www.logiqx.com/Dats/OlderEmus/Older Emus 20080401 (cm).zip</url>
		<file>Single\Mr. Do! v2.1.dat</file>
	</datfile>
	<datfile>
		<name>Mr. Do!s Castle</name>
		<description>Mr. Do!&apos;s Castle v2.0</description>
		<version>20040709</version>
		<author>Logiqx</author>
		<comment>Please report any data file issues at http://forum.logiqx.com/</comment>
		<url>www.logiqx.com/Dats/OlderEmus/Older Emus 20080401 (cm).zip</url>
		<file>Single\Mr. Do!&apos;s Castle v2.0.dat</file>
	</datfile>
	<datfile>
		<name>Mr. Do!&apos;s Wild Ride</name>
		<description>Mr. Do!&apos;s Wild Ride Beta 1.2</description>
		<version>20040709</version>
		<author>Logiqx</author>
		<comment>Please report any data file issues at http://forum.logiqx.com/</comment>
		<url>www.logiqx.com/Dats/OlderEmus/Older Emus 20080401 (cm).zip</url>
		<file>Single\Mr. Do!&apos;s Wild Ride Beta 1.2.dat</file>
	</datfile>
	<datfile>
		<name>Naughty Boy</name>
		<description>Naughty Boy Emulator Beta 1.05</description>
		<version>20040709</version>
		<author>Logiqx</author>
		<comment>Please report any data file issues at http://forum.logiqx.com/</comment>
		<url>www.logiqx.com/Dats/OlderEmus/Older Emus 20080401 (cm).zip</url>
		<file>Single\Naughty Boy Emulator Beta 1.05.dat</file>
	</datfile>
	<datfile>
		<name>Nemesis</name>
		<description>Nemesis Emulator v0.99</description>
		<version>20040709</version>
		<author>Logiqx</author>
		<comment>Please report any data file issues at http://forum.logiqx.com/</comment>
		<url>www.logiqx.com/Dats/OlderEmus/Older Emus 20080401 (cm).zip</url>
		<file>Single\Nemesis Emulator v0.99.dat</file>
	</datfile>
	<datfile>
		<name>Pac-X</name>
		<description>Pac-X v0.2</description>
		<version>20040709</version>
		<author>Logiqx</author>
		<comment>Please report any data file issues at http://forum.logiqx.com/</comment>
		<url>www.logiqx.com/Dats/OlderEmus/Older Emus 20080401 (cm).zip</url>
		<file>Single\Pac-X v0.2.dat</file>
	</datfile>
	<datfile>
		<name>PacDX</name>
		<description>PacDX v1.0</description>
		<version>20040709</version>
		<author>Logiqx</author>
		<comment>Please report any data file issues at http://forum.logiqx.com/</comment>
		<url>www.logiqx.com/Dats/OlderEmus/Older Emus 20080401 (cm).zip</url>
		<file>Single\PacDX v1.0.dat</file>
	</datfile>
	<datfile>
		<name>Pengo Emulator</name>
		<description>Pengo Emulator v0.5</description>
		<version>20040709</version>
		<author>Logiqx</author>
		<comment>Please report any data file issues at http://forum.logiqx.com/</comment>
		<url>www.logiqx.com/Dats/OlderEmus/Older Emus 20080401 (cm).zip</url>
		<file>Single\Pengo Arcade Machine Emulator v0.5.dat</file>
	</datfile>
	<datfile>
		<name>Penix</name>
		<description>Penix v3</description>
		<version>20040709</version>
		<author>Logiqx</author>
		<comment>Please report any data file issues at http://forum.logiqx.com/</comment>
		<url>www.logiqx.com/Dats/OlderEmus/Older Emus 20080401 (cm).zip</url>
		<file>Single\Penix v3.dat</file>
	</datfile>
	<datfile>
		<name>Phoenix Arcade Machine Emulator</name>
		<description>Phoenix Arcade Machine Emulator v0.1</description>
		<version>20040709</version>
		<author>Logiqx</author>
		<comment>Please report any data file issues at http://forum.logiqx.com/</comment>
		<url>www.logiqx.com/Dats/OlderEmus/Older Emus 20080401 (cm).zip</url>
		<file>Single\Phoenix Arcade Machine Emulator v0.1.dat</file>
	</datfile>
	<datfile>
		<name>Phoenix Emulator</name>
		<description>Phoenix Emulator 980813</description>
		<version>20040709</version>
		<author>Logiqx</author>
		<comment>Please report any data file issues at http://forum.logiqx.com/</comment>
		<url>www.logiqx.com/Dats/OlderEmus/Older Emus 20080401 (cm).zip</url>
		<file>Single\Phoenix Emulator 980813.dat</file>
	</datfile>
	<datfile>
		<name>Pooyan Arcade Machine Emulator</name>
		<description>Pooyan Arcade Machine Emulator</description>
		<version>20040709</version>
		<author>Logiqx</author>
		<comment>Please report any data file issues at http://forum.logiqx.com/</comment>
		<url>www.logiqx.com/Dats/OlderEmus/Older Emus 20080401 (cm).zip</url>
		<file>Single\Pooyan Arcade Machine Emulator.dat</file>
	</datfile>
	<datfile>
		<name>Qbert</name>
		<description>Qbert Emulation Project Beta</description>
		<version>20040709</version>
		<author>Logiqx</author>
		<comment>Please report any data file issues at http://forum.logiqx.com/</comment>
		<url>www.logiqx.com/Dats/OlderEmus/Older Emus 20080401 (cm).zip</url>
		<file>Single\Qbert Emulation Project v0.0000001 Beta.dat</file>
	</datfile>
	<datfile>
		<name>Qix Emulator</name>
		<description>Qix Emulator v0.1</description>
		<version>20040709</version>
		<author>Logiqx</author>
		<comment>Please report any data file issues at http://forum.logiqx.com/</comment>
		<url>www.logiqx.com/Dats/OlderEmus/Older Emus 20080401 (cm).zip</url>
		<file>Single\Qix Emulator v0.1.dat</file>
	</datfile>
	<datfile>
		<name>Radikal Bikers Emulator</name>
		<description>Radikal Bikers Emulator v0.9</description>
		<version>20041231</version>
		<author>Logiqx</author>
		<comment>Please report any data file issues at http://forum.logiqx.com/</comment>
		<url>www.logiqx.com/Dats/OlderEmus/Older Emus 20080401 (cm).zip</url>
		<file>Single\Radikal Bikers Emulator v0.9.dat</file>
	</datfile>
	<datfile>
		<name>Rally X Arcade Machine</name>
		<description>Rally X Arcade Machine Emulator</description>
		<version>20040709</version>
		<author>Logiqx</author>
		<comment>Please report any data file issues at http://forum.logiqx.com/</comment>
		<url>www.logiqx.com/Dats/OlderEmus/Older Emus 20080401 (cm).zip</url>
		<file>Single\Rally X Arcade Machine Emulator.dat</file>
	</datfile>
	<datfile>
		<name>REM!</name>
		<description>REM! v0.9c</description>
		<version>20040709</version>
		<author>Logiqx</author>
		<comment>Please report any data file issues at http://forum.logiqx.com/</comment>
		<url>www.logiqx.com/Dats/OlderEmus/Older Emus 20080401 (cm).zip</url>
		<file>Single\REM! v0.9c.dat</file>
	</datfile>
	<datfile>
		<name>Rishgar</name>
		<description>Rishgar v0.92b</description>
		<version>20040709</version>
		<author>Logiqx</author>
		<comment>Please report any data file issues at http://forum.logiqx.com/</comment>
		<url>www.logiqx.com/Dats/OlderEmus/Older Emus 20080401 (cm).zip</url>
		<file>Single\Rishgar v0.92b.dat</file>
	</datfile>
	<datfile>
		<name>Salamander</name>
		<description>Salamander Arcade Emulator Preview</description>
		<version>20040709</version>
		<author>Logiqx</author>
		<comment>Please report any data file issues at http://forum.logiqx.com/</comment>
		<url>www.logiqx.com/Dats/OlderEmus/Older Emus 20080401 (cm).zip</url>
		<file>Single\Salamander Arcade Emulator Preview.dat</file>
	</datfile>
	<datfile>
		<name>Sega System 16</name>
		<description>Sega System 16 v1.0</description>
		<version>20040709</version>
		<author>Logiqx</author>
		<comment>Please report any data file issues at http://forum.logiqx.com/</comment>
		<url>www.logiqx.com/Dats/OlderEmus/Older Emus 20080401 (cm).zip</url>
		<file>Single\Sega System 16 v1.0.dat</file>
	</datfile>
	<datfile>
		<name>SIDE</name>
		<description>SIDE</description>
		<version>20050918</version>
		<author>Logiqx</author>
		<comment>Please report any data file issues at http://forum.logiqx.com/</comment>
		<url>www.logiqx.com/Dats/OlderEmus/Older Emus 20080401 (cm).zip</url>
		<file>Single\SIDE.dat</file>
	</datfile>
	<datfile>
		<name>SSE</name>
		<description>Sil&apos;s Single Emulator v2.0</description>
		<version>20040709</version>
		<author>Logiqx</author>
		<comment>Please report any data file issues at http://forum.logiqx.com/</comment>
		<url>www.logiqx.com/Dats/OlderEmus/Older Emus 20080401 (cm).zip</url>
		<file>Single\Sil&apos;s Single Emulator v2.0.dat</file>
	</datfile>
	<datfile>
		<name>Sinvader</name>
		<description>Sinvader</description>
		<version>20040709</version>
		<author>Logiqx</author>
		<comment>Please report any data file issues at http://forum.logiqx.com/</comment>
		<url>www.logiqx.com/Dats/OlderEmus/Older Emus 20080401 (cm).zip</url>
		<file>Single\Sinvader.dat</file>
	</datfile>
	<datfile>
		<name>Slutte!</name>
		<description>Slutte! (Bligh version)</description>
		<version>20040709</version>
		<author>Logiqx</author>
		<comment>Please report any data file issues at http://forum.logiqx.com/</comment>
		<url>www.logiqx.com/Dats/OlderEmus/Older Emus 20080401 (cm).zip</url>
		<file>Single\Slutte! (Bligh version).dat</file>
	</datfile>
	<datfile>
		<name>SonSon</name>
		<description>SonSon Emulator v0.1</description>
		<version>20040709</version>
		<author>Logiqx</author>
		<comment>Please report any data file issues at http://forum.logiqx.com/</comment>
		<url>www.logiqx.com/Dats/OlderEmus/Older Emus 20080401 (cm).zip</url>
		<file>Single\SonSon Emulator v0.1.dat</file>
	</datfile>
	<datfile>
		<name>Space Invaders - The Emulator</name>
		<description>Space Invaders - The Emulator v1.0</description>
		<version>20040709</version>
		<author>Logiqx</author>
		<comment>Please report any data file issues at http://forum.logiqx.com/</comment>
		<url>www.logiqx.com/Dats/OlderEmus/Older Emus 20080401 (cm).zip</url>
		<file>Single\Space Invaders - The Emulator v1.0.dat</file>
	</datfile>
	<datfile>
		<name>TempestGL</name>
		<description>TempestGL</description>
		<version>20050730</version>
		<author>Logiqx</author>
		<comment>Please report any data file issues at http://forum.logiqx.com/</comment>
		<url>www.logiqx.com/Dats/OlderEmus/Older Emus 20080401 (cm).zip</url>
		<file>Single\TempestGL.dat</file>
	</datfile>
	<datfile>
		<name>The End</name>
		<description>The End</description>
		<version>20040709</version>
		<author>Logiqx</author>
		<comment>Please report any data file issues at http://forum.logiqx.com/</comment>
		<url>www.logiqx.com/Dats/OlderEmus/Older Emus 20080401 (cm).zip</url>
		<file>Single\The End.dat</file>
	</datfile>
	<datfile>
		<name>The NewZealand Story</name>
		<description>The NewZealand Story</description>
		<version>20040709</version>
		<author>Logiqx</author>
		<comment>Please report any data file issues at http://forum.logiqx.com/</comment>
		<url>www.logiqx.com/Dats/OlderEmus/Older Emus 20080401 (cm).zip</url>
		<file>Single\The NewZealand Story.dat</file>
	</datfile>
	<datfile>
		<name>Thunder</name>
		<description>Thunder Beta 4</description>
		<version>20040709</version>
		<author>Logiqx</author>
		<comment>Please report any data file issues at http://forum.logiqx.com/</comment>
		<url>www.logiqx.com/Dats/OlderEmus/Older Emus 20080401 (cm).zip</url>
		<file>Single\Thunder Beta 4.dat</file>
	</datfile>
	<datfile>
		<name>Time Pilot</name>
		<description>Time Pilot Emulator v0.02 (beta 1)</description>
		<version>20040709</version>
		<author>Logiqx</author>
		<comment>Please report any data file issues at http://forum.logiqx.com/</comment>
		<url>www.logiqx.com/Dats/OlderEmus/Older Emus 20080401 (cm).zip</url>
		<file>Single\Time Pilot Emulator v0.02 (beta 1).dat</file>
	</datfile>
	<datfile>
		<name>TinyEmu</name>
		<description>Tiny Emulator</description>
		<version>20040709</version>
		<author>Logiqx</author>
		<comment>Please report any data file issues at http://forum.logiqx.com/</comment>
		<url>www.logiqx.com/Dats/OlderEmus/Older Emus 20080401 (cm).zip</url>
		<file>Single\TinyEmu.dat</file>
	</datfile>
	<datfile>
		<name>TMNT</name>
		<description>TMNT v0.7 beta</description>
		<version>20040709</version>
		<author>Logiqx</author>
		<comment>Please report any data file issues at http://forum.logiqx.com/</comment>
		<url>www.logiqx.com/Dats/OlderEmus/Older Emus 20080401 (cm).zip</url>
		<file>Single\TMNT v0.7 beta.dat</file>
	</datfile>
	<datfile>
		<name>TNZS-EMU</name>
		<description>TNZS-EMU v2.10b</description>
		<version>20040709</version>
		<author>Logiqx</author>
		<comment>Please report any data file issues at http://forum.logiqx.com/</comment>
		<url>www.logiqx.com/Dats/OlderEmus/Older Emus 20080401 (cm).zip</url>
		<file>Single\TNZS-EMU v2.10b.dat</file>
	</datfile>
	<datfile>
		<name>Toki</name>
		<description>Toki</description>
		<version>20040709</version>
		<author>Logiqx</author>
		<comment>Please report any data file issues at http://forum.logiqx.com/</comment>
		<url>www.logiqx.com/Dats/OlderEmus/Older Emus 20080401 (cm).zip</url>
		<file>Single\Toki.dat</file>
	</datfile>
	<datfile>
		<name>Tutankam</name>
		<description>Tutankam Emulator v0.02b</description>
		<version>20040709</version>
		<author>Logiqx</author>
		<comment>Please report any data file issues at http://forum.logiqx.com/</comment>
		<url>www.logiqx.com/Dats/OlderEmus/Older Emus 20080401 (cm).zip</url>
		<file>Single\Tutankam Emulator v0.02b.dat</file>
	</datfile>
	<datfile>
		<name>VASTAR</name>
		<description>VASTAR Emulator v0.51</description>
		<version>20040709</version>
		<author>Logiqx</author>
		<comment>Please report any data file issues at http://forum.logiqx.com/</comment>
		<url>www.logiqx.com/Dats/OlderEmus/Older Emus 20080401 (cm).zip</url>
		<file>Single\VASTAR Emulator v0.51.dat</file>
	</datfile>
	<datfile>
		<name>VisualAM Arcade Machine Emulator</name>
		<description>VisualAM Arcade Machine Emulator v0.0.1</description>
		<version>20040709</version>
		<author>Logiqx</author>
		<comment>Please report any data file issues at http://forum.logiqx.com/</comment>
		<url>www.logiqx.com/Dats/OlderEmus/Older Emus 20080401 (cm).zip</url>
		<file>Single\VisualAM Arcade Machine Emulator v0.0.1.dat</file>
	</datfile>
	<datfile>
		<name>VULGUS</name>
		<description>VULGUS Arcade Machine Emulator v0.2</description>
		<version>20040709</version>
		<author>Logiqx</author>
		<comment>Please report any data file issues at http://forum.logiqx.com/</comment>
		<url>www.logiqx.com/Dats/OlderEmus/Older Emus 20080401 (cm).zip</url>
		<file>Single\VULGUS Arcade Machine Emulator v0.2.dat</file>
	</datfile>
	<datfile>
		<name>WinGorf</name>
		<description>WinGorf v1.3.1</description>
		<version>20040709</version>
		<author>Logiqx</author>
		<comment>Please report any data file issues at http://forum.logiqx.com/</comment>
		<url>www.logiqx.com/Dats/OlderEmus/Older Emus 20080401 (cm).zip</url>
		<file>Single\WinGorf v1.3.1.dat</file>
	</datfile>
	<datfile>
		<name>Xain&apos;D Sleena</name>
		<description>Xain&apos;D Sleena v1.0</description>
		<version>20040709</version>
		<author>Logiqx</author>
		<comment>Please report any data file issues at http://forum.logiqx.com/</comment>
		<url>www.logiqx.com/Dats/OlderEmus/Older Emus 20080401 (cm).zip</url>
		<file>Single\Xain&apos;D Sleena v1.0.dat</file>
	</datfile>
	<datfile>
		<name>Xevious</name>
		<description>Xevious Emulator Demo v1.6</description>
		<version>20040709</version>
		<author>Logiqx</author>
		<comment>Please report any data file issues at http://forum.logiqx.com/</comment>
		<url>www.logiqx.com/Dats/OlderEmus/Older Emus 20080401 (cm).zip</url>
		<file>Single\Xevious Emulator Demo v1.6.dat</file>
	</datfile>
	<datfile>
		<name>Xor World Emulator</name>
		<description>Xor World Emulator v0.01</description>
		<version>20040709</version>
		<author>Logiqx</author>
		<comment>Please report any data file issues at http://forum.logiqx.com/</comment>
		<url>www.logiqx.com/Dats/OlderEmus/Older Emus 20080401 (cm).zip</url>
		<file>Single\Xor World Emulator v0.01.dat</file>
	</datfile>
	<datfile>
		<name>Yie Ar Kung-Fu</name>
		<description>Yie Ar Kung-Fu Emulator v0.48</description>
		<version>20040709</version>
		<author>Logiqx</author>
		<comment>Please report any data file issues at http://forum.logiqx.com/</comment>
		<url>www.logiqx.com/Dats/OlderEmus/Older Emus 20080401 (cm).zip</url>
		<file>Single\Yie Ar Kung-Fu Emulator v0.48.dat</file>
	</datfile>
	<datfile>
		<name>Sounds Good</name>
		<description>Bally-Midway Sounds Good Emulator v0.2</description>
		<version>20040709</version>
		<author>Logiqx</author>
		<comment>Please report any data file issues at http://forum.logiqx.com/</comment>
		<url>www.logiqx.com/Dats/OlderEmus/Older Emus 20080401 (cm).zip</url>
		<file>Sound\Bally-Midway Sounds Good Emulator v0.2.dat</file>
	</datfile>
	<datfile>
		<name>FM-EMU</name>
		<description>FM-EMU v0.1</description>
		<version>20040709</version>
		<author>Logiqx</author>
		<comment>Please report any data file issues at http://forum.logiqx.com/</comment>
		<url>www.logiqx.com/Dats/OlderEmus/Older Emus 20080401 (cm).zip</url>
		<file>Sound\FM-EMU v0.1.dat</file>
	</datfile>
	<datfile>
		<name>GXP</name>
		<description>GXP v0.1</description>
		<version>20040709</version>
		<author>Logiqx</author>
		<comment>Please report any data file issues at http://forum.logiqx.com/</comment>
		<url>www.logiqx.com/Dats/OlderEmus/Older Emus 20080401 (cm).zip</url>
		<file>Sound\GXP v0.1.dat</file>
	</datfile>
	<datfile>
		<name>Hoot</name>
		<description>Hoot 20011002</description>
		<version>20040709</version>
		<author>Ben Jos Walbeehm - Team Logiqx</author>
		<comment>Please report any data file issues at http://forum.logiqx.com/</comment>
		<url>www.logiqx.com/Dats/OlderEmus/Older Emus 20080401 (cm).zip</url>
		<file>Sound\Hoot 20011002.dat</file>
	</datfile>
	<datfile>
		<name>MMSnd</name>
		<description>MMSnd v0.36b10</description>
		<version>20040709</version>
		<author>Logiqx</author>
		<comment>Please report any data file issues at http://forum.logiqx.com/</comment>
		<url>www.logiqx.com/Dats/OlderEmus/Older Emus 20080401 (cm).zip</url>
		<file>Sound\MMSnd v0.36b10.dat</file>
	</datfile>
	<datfile>
		<name>Nebula Jukebox</name>
		<description>Nebula Jukebox v2.9</description>
		<version>20040827</version>
		<author>Logiqx</author>
		<comment>Please report any data file issues at http://forum.logiqx.com/</comment>
		<url>www.logiqx.com/Dats/OlderEmus/Older Emus 20080401 (cm).zip</url>
		<file>Sound\Nebula Jukebox v2.9.dat</file>
	</datfile>
	<datfile>
		<name>NeoJukeBox</name>
		<description>NeoJukeBox v2.7</description>
		<version>20060206</version>
		<author>Logiqx</author>
		<comment>Please report any data file issues at http://forum.logiqx.com/</comment>
		<url>www.logiqx.com/Dats/OlderEmus/Older Emus 20080401 (cm).zip</url>
		<file>Sound\NeoJukeBox v2.7.dat</file>
	</datfile>
	<datfile>
		<name>Playscott</name>
		<description>Playscott v1.2</description>
		<version>20050103</version>
		<author>Logiqx</author>
		<comment>Please report any data file issues at http://forum.logiqx.com/</comment>
		<url>www.logiqx.com/Dats/OlderEmus/Older Emus 20080401 (cm).zip</url>
		<file>Sound\Playscott v1.2.dat</file>
	</datfile>
	<datfile>
		<name>QPlayer</name>
		<description>QPlayer v1.4.3</description>
		<version>20040727</version>
		<author>Logiqx</author>
		<comment>Please report any data file issues at http://forum.logiqx.com/</comment>
		<url>www.logiqx.com/Dats/OlderEmus/Older Emus 20080401 (cm).zip</url>
		<file>Sound\QPlayer v1.4.3.dat</file>
	</datfile>
	<datfile>
		<name>QSound</name>
		<description>QSound Player v2</description>
		<version>20040709</version>
		<author>Logiqx</author>
		<comment>Please report any data file issues at http://forum.logiqx.com/</comment>
		<url>www.logiqx.com/Dats/OlderEmus/Older Emus 20080401 (cm).zip</url>
		<file>Sound\QSound Player v2.dat</file>
	</datfile>
	<datfile>
		<name>System 16 Sound Player</name>
		<description>System 16 Sound Player</description>
		<version>20040709</version>
		<author>Logiqx</author>
		<comment>Please report any data file issues at http://forum.logiqx.com/</comment>
		<url>www.logiqx.com/Dats/OlderEmus/Older Emus 20080401 (cm).zip</url>
		<file>Sound\System 16 Sound Player.dat</file>
	</datfile>
	<datfile>
		<name>tROMbone</name>
		<description>tROMbone v0.11</description>
		<version>20040709</version>
		<author>Logiqx</author>
		<comment>Please report any data file issues at http://forum.logiqx.com/</comment>
		<url>www.logiqx.com/Dats/OlderEmus/Older Emus 20080401 (cm).zip</url>
		<file>Sound\tROMbone v0.11.dat</file>
	</datfile>
</clrmamepro>
