<emulator id="MAMECabinets">
	<img src="MAMECabinets.gif" width="190" height="40"/>
	<name>MAME Cabinets</name>
	<version>20020501</version>
	<suitability></suitability>
	<status></status>
	<date>01/05/2002</date>
	<games>1022</games>
	<author href="http://www.classicgaming.com/mame32qa/">John IV</author>

	<comment><p>Maintained by <a href="http://www.classicgaming.com/mame32qa/">John IV</a>.</p></comment>

	<dats>
		<dat>
			&CMPro;
			<file name="mcab20020501.zip" size="14"/>
		</dat>

		<dat>
			&ROMCenter;
			<file name="MAME%20Cabinets%2020020501.zip" size="16"/>
		</dat>
	</dats>

	<revisions>
		<revision>
			<date>2 May 2002</date>
			<comment>Official data file for MAME v0.60 by John IV.</comment>
		</revision>

		<revision>
			<date>23 March 2002</date>
			<comment>Official data file for MAME v0.59 by John IV.</comment>
		</revision>

		<revision>
			<date>6 February 2002</date>
			<comment>Official data file for MAME v0.58 by John IV.</comment>
		</revision>

		<revision>
			<date>2 January 2002</date>
			<comment>Official data file by John IV.</comment>
		</revision>

		<revision>
			<date>12 December 2001</date>
			<comment>Updated to MAME v0.55 and John IV's Cabinet Pack 14 (Dave).</comment>
		</revision>

		<revision>
			<date>21 September 2001</date>
			<comment>Updated to MAME v0.55 and John IV's Cabinet Pack 13 (Rob).</comment>
		</revision>

		<revision>
			<date>24 April 2001</date>
			<comment>First release.</comment>
		</revision>
	</revisions>
</emulator>
