<emulator id="MAMEChanges">
	<img src="MAMEChanges.gif" width="192" height="40"/>
	<name>MAME Changes</name>
	<version>v0.61</version>
	<suitability></suitability>
	<status>Updated</status>
	<date>12/09/2002</date>
	<games>Various</games>
	<author href="http://www.logiqx.com">Logiqx</author>

	<comment>
		<p>These dats have been created using MAMEDiff (-M, -S, -N options as well as -T)</p>
		<p>Previous dats are still online, there's just no link. You can find them in the same directory as the current dats!</p>
	</comment>

	<dats>
		<dat>
			&CMPro;
			<file name="mamec61.zip" size="94"/>
		</dat>

		<dat>
			&ROMCenter;
			<file name="mame%20changes%2061.zip" size="96"/>
		</dat>
	</dats>

	<revisions>
		<revision>
			<date>12 September 2002</date>
			<comment>Uploaded dats for MAME v0.61.</comment>
		</revision>

		<revision>
			<date>2 May 2002</date>
			<comment>Uploaded dats for MAME v0.60.</comment>
		</revision>

		<revision>
			<date>23 March 2002</date>
			<comment>Uploaded dats for MAME v0.59.</comment>
		</revision>

		<revision>
			<date>6 February 2002</date>
			<comment>Uploaded dats for MAME v0.58.</comment>
		</revision>

		<revision>
			<date>1 January 2002</date>
			<comment>Uploaded dats for MAME v0.57.</comment>
		</revision>

		<revision>
			<date>11 November 2001</date>
			<comment>Uploaded dats for MAME v0.56.</comment>
		</revision>

		<revision>
			<date>16 September 2001</date>
			<comment>Uploaded dats for MAME v0.55.</comment>
		</revision>

		<revision>
			<date>25 August 2001</date>
			<comment>Uploaded dats for MAME v0.54.</comment>
		</revision>

		<revision>
			<date>12 August 2001</date>
			<comment>Uploaded dats for MAME v0.53.</comment>
		</revision>

		<revision>
			<date>2 July 2001</date>
			<comment>Uploaded dats for MAME v0.37 beta 16.</comment>
		</revision>

		<revision>
			<date>24 May 2001</date>
			<comment>Uploaded dats for MAME v0.37 beta 15.</comment>
		</revision>

		<revision>
			<date>16 May 2001</date>
			<comment>Uploaded dats for MAME v0.37 beta 14.</comment>
		</revision>
	</revisions>
</emulator>
