<emulator id="PinMAME">
	<img src="PinMAME.gif" width="118" height="40"/>
	<name>PinMAME (ROMs)</name>
	<version>1.10</version>
	<suitability></suitability>
	<status></status>
	<date>05/02/2002</date>
	<games>388</games>
	<author href="mailto:datadragon@home.com">DataDragon</author>

	<comment></comment>

	<dats>
		<dat>
			&ROMCenter;
			<file name="Pinmame110dat.zip" size="25"/>
		</dat>

		<dat>
			&ROMCenter;
			<file name="Pinmame110dat.zip" size="25"/>
		</dat>
	</dats>

	<revisions>
		<revision>
			<date>5 February 2002</date>
			<comment>First release by Data Dragon.</comment>
		</revision>

		<revision>
			<date>4 May 2001</date>
			<comment>Uploaded dats for PinMAME v0.99 beta 3 (Rolling Stones added).</comment>
		</revision>

		<revision>
			<date>4 April 2001</date>
			<comment>Uploaded dats for PinMAME v0.99 beta 1 (83 games added).</comment>
		</revision>

		<revision>
			<date>26 January 2001</date>
			<comment>Uploaded dats for WPCmame v0.37b8 ver 6 (some extra ROMs needed).</comment>
		</revision>

		<revision>
			<date>17 November 2000</date>
			<comment>Uploaded dats for WPCmame v0.37b8 ver 5 (a few extra ROMs).</comment>
		</revision>

		<revision>
			<date>7 November 2000</date>
			<comment>Uploaded dats for WPCmame v0.37b8 ver 4 (a few extra ROMs).</comment>
		</revision>

		<revision>
			<date>31 October 2000</date>
			<comment>Uploaded dats for WPCmame v0.37b8 ver 3 (a few extra ROMs).</comment>
		</revision>

		<revision>
			<date>30 October 2000</date>
			<comment>Uploaded dats for WPCmame v0.37b8 ver 2 (a few extra ROMs).</comment>
		</revision>

		<revision>
			<date>22 October 2000</date>
			<comment>Uploaded dats for WPCmame v0.37b8.</comment>
		</revision>
	</revisions>
</emulator>
