<emulator id="Nebula">
	<img src="Nebula.gif" width="85" height="40"/>
	<name>Nebula</name>
	<version>v2.15a</version>
	<suitability></suitability>
	<status></status>
	<date>02/06/2002</date>
	<games>358</games>
	<author href="http://www.logiqx.com">Logiqx</author>

	<comment><p>Nebula emulates Capcom CPS-1, CPS-2 and Neo-Geo games.</p></comment>

	<dats>
		<dat>
			&CMPro;
			<file name="Nebula%20v2.15a%20(cm).zip" size="68"/>
		</dat>

		<dat>
			&ROMCenter;
			<file name="Nebula%20v2.15a%20(rc).zip" size="80"/>
		</dat>
	</dats>

	<revisions>
		<revision>
			<date>2 June 2002</date>
			<comment>Released data files for Nebula v2.15a</comment>
		</revision>
		
		<revision>
			<date>26 May 2002</date>
			<comment>Released data files for Nebula v2.15</comment>
		</revision>
		
		<revision>
			<date>23 May 2002</date>
			<comment>Released data files for Nebula v2.14b</comment>
		</revision>
		
		<revision>
			<date>2 May 2002</date>
			<comment>Released data files for Nebula v2.13</comment>
		</revision>
		
		<revision>
			<date>15 April 2002</date>
			<comment>Released data files for Nebula v2.12 (lots of ROM changes and Oriental Legend added).</comment>
		</revision>
		
		<revision>
			<date>2 April 2002</date>
			<comment>Released data files for Nebula v2.11.</comment>
		</revision>
		
		<revision>
			<date>28 March 2002</date>
			<comment>Minor improvement so the data files match the drivers exactly (used a new DatUtil feature).<br/>There is now no doubt that the data file generated by Nebula contains many errors so use mine instead!</comment>
		</revision>
		
		<revision>
			<date>23 March 2002</date>
			<comment>Updated for supplementary dats for MAME v0.59.</comment>
		</revision>
		
		<revision>
			<date>17 March 2002</date>
			<comment>Updated for Nebula v2.1.</comment>
		</revision>
		
		<revision>
			<date>15 March 2002</date>
			<comment>Added MAME Supplementary dats.</comment>
		</revision>
		
		<revision>
			<date>3 March 2002</date>
			<comment>Updated for Nebula v2.0a.</comment>
		</revision>
		
		<revision>
			<date>3 March 2002</date>
			<comment>Updated for Nebula v2.0.</comment>
		</revision>
		
		<revision>
			<date>25 January 2002</date>
			<comment>Updated for Nebula v1.97.</comment>
		</revision>
		
		<revision>
			<date>30 December 2001</date>
			<comment>Updated for Nebula v1.96.<br/>Also went through all ROM names reconciling them against those in the RomCenter data file that Nebula generates.</comment>
		</revision>
		
		<revision>
			<date>20 December 2001</date>
			<comment>Updated for Nebula v1.95c (Garou related changes).</comment>
		</revision>
		
		<revision>
			<date>9 December 2001</date>
			<comment>Updated for Nebula v1.95a (Neo-Geo changes and additions).</comment>
		</revision>
		
		<revision>
			<date>19 November 2001</date>
			<comment>Updated for Nebula v1.94b (decrypted games added plus a few other changes).</comment>
		</revision>
		
		<revision>
			<date>12 November 2001</date>
			<comment>Updated for Nebula v1.94 (KOF2000 added and a couple of 'newer' games removed).</comment>
		</revision>
		
		<revision>
			<date>11 November 2001</date>
			<comment>Updated for Nebula v1.93 (loads of Neo-Geo changes and additions).</comment>
		</revision>
		
		<revision>
			<date>11 October 2001</date>
			<comment>Changed the p1 ROM in kof99.</comment>
		</revision>
		
		<revision>
			<date>10 October 2001</date>
		<comment>Updated for Nebula v1.92.<br/>Added playable games armwar, mshvsf, mshvsfj, mshvsfj1 and vsav.<br/>Added 'dummy parents' ddtod and xmvsf.</comment>
		</revision>
		
		<revision>
			<date>26 September 2001</date>
			<comment>Updated for Nebula v1.91b.</comment>
		</revision>
		
		<revision>
			<date>12 September 2001</date>
			<comment>Added XORs for dstlk, dstlkr1, ddsom, sfa and sfar1.</comment>
		</revision>
		
		<revision>
			<date>3 September 2001</date>
			<comment>Updated for Nebula v1.9 (renamed pbobble to pbobblen).</comment>
		</revision>
		
		<revision>
			<date>30 August 2001</date>
			<comment>Added 137 Neo-Geo games. No need to include CPS-2 .drv files anymore as Nebula supplies them as standard.</comment>
		</revision>
		
		<revision>
			<date>7 August 2001</date>
			<comment>Added batcirj, ecofghtr, sfa3, sfa3r1, sfz3j and vampjr1 for Nebula v1.7. Renamed some ROMs in xmcota.</comment>
		</revision>
		
		<revision>
			<date>27 July 2001</date>
			<comment>Added smbomb, smbombr1, mshj and did some renaming.</comment>
		</revision>
		
		<revision>
			<date>24 July 2001</date>
			<comment>Added nine SF2 clones and Three Wonders (US) for Nebula v1.6a.</comment>
		</revision>
		
		<revision>
			<date>22 July 2001</date>
			<comment>Added about 60 CPS-1 games for Nebula v1.6.</comment>
		</revision>
		
		<revision>
			<date>11 July 2001</date>
			<comment>Added Capcom Sports Club and SSF2 Tournament Battle.</comment>
		</revision>
		
		<revision>
			<date>28 June 2001</date>
			<comment>Updated for Nebula v1.5.</comment>
		</revision>
		
		<revision>
			<date>20 June 2001</date>
			<comment>Added XORs for Armored Warriors.</comment>
		</revision>
		
		<revision>
			<date>13 June 2001</date>
			<comment>Added Street Fighter Zero 2.</comment>
		</revision>
		
		<revision>
			<date>7 June 2001</date>
			<comment>Added X-Men rental version.</comment>
		</revision>
		
		<revision>
			<date>26 May 2001</date>
			<comment>Added Super Street Fighter 2 X and Street Fighter Zero 3.</comment>
		</revision>
		
		<revision>
			<date>17 May 2001</date>
			<comment>Added Super Puzzle Fighter 2 X and made some ROM renames.</comment>
		</revision>

		<revision>
			<date>11 May 2001</date>
			<comment>Added D&amp;D: Shadow over Mystara (US).</comment>
		</revision>

		<revision>
			<date>7 May 2001</date>
			<comment>Added D&amp;D: Tower of Doom (Japan).</comment>
		</revision>

		<revision>
			<date>27 April 2001</date>
			<comment>Added Powered Gear (Japan).</comment>
		</revision>

		<revision>
			<date>22 April 2001</date>
			<comment>Added Marvel Super Heroes (Hispanic).</comment>
		</revision>

		<revision>
			<date>15 April 2001</date>
			<comment>Added 19XX (Hispanic).</comment>
		</revision>

		<revision>
			<date>14 April 2001</date>
			<comment>Uploaded dats for Nebula v1.2.</comment>
		</revision>

		<revision>
			<date>10 April 2001</date>
			<comment>Uploaded dats to support all possible CPS-2 games.</comment>
		</revision>

		<revision>
			<date>4 April 2001</date>
			<comment>Uploaded dats for Nebula v1.0a.</comment>
		</revision>

		<revision>
			<date>29 March 2001</date>
			<comment>Uploaded preliminary dats for Nebula.</comment>
		</revision>
	</revisions>
</emulator>
