<emulator id="SegaSystemC2">
	<img src="SegaSystemC2.gif" width="200" height="40"/>
	<name>Sega System C2 Emulator</name>
	<version>v0.2b</version>
	<suitability></suitability>
	<status></status>
	<date>20/09/2000</date>
	<games>17</games>
	<author href="http://www.logiqx.com">Logiqx</author>

	<dats>
		<dat>
			&CMPro;
			<file name="c2emu02b.zip" size="2"/>
		</dat>

		<dat>
			&ROMCenter;
			<file name="sega%20system%20c2%20emulator%200.2b.zip" size="2"/>
		</dat>
	</dats>

	<revisions>
		<revision>
			<date>26 September 2000</date>
			<comment>Fixed an incorrect name in the dats (bloxeedc, not bloxedc2).</comment>
		</revision>

		<revision>
			<date>16 September 2000</date>
			<comment>Released updated dats to go with v0.2b of the emulator.</comment>
		</revision>

		<revision>
			<date>11 September 2000</date>
			<comment>Released updated dats to go with v0.2a of the emulator.</comment>
		</revision>

		<revision>
			<date>3 September 2000</date>
			<comment>Released Haze's dat and a ROMCenter version of it also.</comment>
		</revision>
	</revisions>
</emulator>
