<emulator id="VisualAM">
	<img src="VisualAM.gif" width="114" height="40"/>
	<name>VisualAM</name>
	<version>v0.0.1</version>
	<suitability></suitability>
	<status></status>
	<date>18/12/2000</date>
	<games>1</games>
	<author href="http://www.logiqx.com">Logiqx</author>

	<comment><p>Emulates Centipede (Atari).</p></comment>

	<dats>
		<dat>
			&CMPro;
			<file name="visualam.zip" size="1"/>
		</dat>

		<dat>
			&ROMCenter;
			<file name="VisualAM%20Arcade%20Machine%20Emulator%20v0.0.1.zip" size="1"/>
		</dat>
	</dats>

	<revisions>
		<revision>
			<date>18 December 2000</date>
			<comment>Uploaded dats for CMPro and ROMCenter.</comment>
		</revision>
	</revisions>
</emulator>
